split,row,cluster,segment
train,0,0,New high spenders
train,1,0,New high spenders
train,2,2,Long-term high spenders
train,3,2,Long-term high spenders
train,4,3,New low spenders
train,5,3,New low spenders
train,6,1,Long-term low spenders
train,7,1,Long-term low spenders
train,8,1,Long-term low spenders
train,9,1,Long-term low spenders
train,10,2,Long-term high spenders
train,11,1,Long-term low spenders
train,12,2,Long-term high spenders
train,13,0,New high spenders
train,14,2,Long-term high spenders
train,15,1,Long-term low spenders
train,16,0,New high spenders
train,17,0,New high spenders
train,18,3,New low spenders
train,19,0,New high spenders
train,20,2,Long-term high spenders
train,21,3,New low spenders
train,22,3,New low spenders
train,23,2,Long-term high spenders
train,24,3,New low spenders
train,25,2,Long-term high spenders
train,26,0,New high spenders
train,27,0,New high spenders
train,28,2,Long-term high spenders
train,29,0,New high spenders
train,30,1,Long-term low spenders
train,31,0,New high spenders
train,32,0,New high spenders
train,33,1,Long-term low spenders
train,34,2,Long-term high spenders
train,35,0,New high spenders
train,36,0,New high spenders
train,37,3,New low spenders
train,38,2,Long-term high spenders
train,39,1,Long-term low spenders
train,40,3,New low spenders
train,41,0,New high spenders
train,42,1,Long-term low spenders
train,43,2,Long-term high spenders
train,44,2,Long-term high spenders
train,45,0,New high spenders
train,46,1,Long-term low spenders
train,47,3,New low spenders
train,48,0,New high spenders
train,49,3,New low spenders
train,50,1,Long-term low spenders
train,51,0,New high spenders
train,52,1,Long-term low spenders
train,53,0,New high spenders
train,54,2,Long-term high spenders
train,55,3,New low spenders
train,56,2,Long-term high spenders
train,57,0,New high spenders
train,58,0,New high spenders
train,59,2,Long-term high spenders
train,60,0,New high spenders
train,61,0,New high spenders
train,62,0,New high spenders
train,63,0,New high spenders
train,64,3,New low spenders
train,65,1,Long-term low spenders
train,66,3,New low spenders
train,67,0,New high spenders
train,68,1,Long-term low spenders
train,69,2,Long-term high spenders
train,70,1,Long-term low spenders
train,71,0,New high spenders
train,72,2,Long-term high spenders
train,73,1,Long-term low spenders
train,74,0,New high spenders
train,75,1,Long-term low spenders
train,76,3,New low spenders
train,77,1,Long-term low spenders
train,78,0,New high spenders
train,79,2,Long-term high spenders
train,80,2,Long-term high spenders
train,81,1,Long-term low spenders
train,82,2,Long-term high spenders
train,83,1,Long-term low spenders
train,84,2,Long-term high spenders
train,85,2,Long-term high spenders
train,86,0,New high spenders
train,87,1,Long-term low spenders
train,88,0,New high spenders
train,89,3,New low spenders
train,90,2,Long-term high spenders
train,91,0,New high spenders
train,92,3,New low spenders
train,93,2,Long-term high spenders
train,94,3,New low spenders
train,95,3,New low spenders
train,96,0,New high spenders
train,97,1,Long-term low spenders
train,98,1,Long-term low spenders
train,99,1,Long-term low spenders
train,100,2,Long-term high spenders
train,101,0,New high spenders
train,102,1,Long-term low spenders
train,103,3,New low spenders
train,104,0,New high spenders
train,105,2,Long-term high spenders
train,106,2,Long-term high spenders
train,107,2,Long-term high spenders
train,108,2,Long-term high spenders
train,109,3,New low spenders
train,110,1,Long-term low spenders
train,111,3,New low spenders
train,112,2,Long-term high spenders
train,113,3,New low spenders
train,114,0,New high spenders
train,115,1,Long-term low spenders
train,116,0,New high spenders
train,117,2,Long-term high spenders
train,118,3,New low spenders
train,119,1,Long-term low spenders
train,120,0,New high spenders
train,121,0,New high spenders
train,122,2,Long-term high spenders
train,123,2,Long-term high spenders
train,124,0,New high spenders
train,125,1,Long-term low spenders
train,126,0,New high spenders
train,127,3,New low spenders
train,128,0,New high spenders
train,129,3,New low spenders
train,130,0,New high spenders
train,131,0,New high spenders
train,132,0,New high spenders
train,133,1,Long-term low spenders
train,134,2,Long-term high spenders
train,135,2,Long-term high spenders
train,136,2,Long-term high spenders
train,137,3,New low spenders
train,138,0,New high spenders
train,139,1,Long-term low spenders
train,140,2,Long-term high spenders
train,141,1,Long-term low spenders
train,142,2,Long-term high spenders
train,143,0,New high spenders
train,144,3,New low spenders
train,145,3,New low spenders
train,146,2,Long-term high spenders
train,147,2,Long-term high spenders
train,148,3,New low spenders
train,149,0,New high spenders
train,150,0,New high spenders
train,151,3,New low spenders
train,152,2,Long-term high spenders
train,153,0,New high spenders
train,154,0,New high spenders
train,155,0,New high spenders
train,156,3,New low spenders
train,157,0,New high spenders
train,158,2,Long-term high spenders
train,159,3,New low spenders
train,160,2,Long-term high spenders
train,161,2,Long-term high spenders
train,162,3,New low spenders
train,163,2,Long-term high spenders
train,164,2,Long-term high spenders
train,165,0,New high spenders
train,166,3,New low spenders
train,167,2,Long-term high spenders
train,168,3,New low spenders
train,169,0,New high spenders
train,170,3,New low spenders
train,171,0,New high spenders
train,172,0,New high spenders
train,173,3,New low spenders
train,174,0,New high spenders
train,175,1,Long-term low spenders
train,176,2,Long-term high spenders
train,177,3,New low spenders
train,178,3,New low spenders
train,179,3,New low spenders
train,180,0,New high spenders
train,181,0,New high spenders
train,182,1,Long-term low spenders
train,183,1,Long-term low spenders
train,184,0,New high spenders
train,185,3,New low spenders
train,186,2,Long-term high spenders
train,187,2,Long-term high spenders
train,188,2,Long-term high spenders
train,189,0,New high spenders
train,190,0,New high spenders
train,191,2,Long-term high spenders
train,192,3,New low spenders
train,193,0,New high spenders
train,194,2,Long-term high spenders
train,195,0,New high spenders
train,196,2,Long-term high spenders
train,197,0,New high spenders
train,198,3,New low spenders
train,199,2,Long-term high spenders
train,200,3,New low spenders
train,201,1,Long-term low spenders
train,202,0,New high spenders
train,203,0,New high spenders
train,204,3,New low spenders
train,205,3,New low spenders
train,206,0,New high spenders
train,207,3,New low spenders
train,208,0,New high spenders
train,209,0,New high spenders
train,210,0,New high spenders
train,211,1,Long-term low spenders
train,212,0,New high spenders
train,213,0,New high spenders
train,214,1,Long-term low spenders
train,215,0,New high spenders
train,216,2,Long-term high spenders
train,217,1,Long-term low spenders
train,218,0,New high spenders
train,219,0,New high spenders
train,220,2,Long-term high spenders
train,221,3,New low spenders
train,222,3,New low spenders
train,223,2,Long-term high spenders
train,224,3,New low spenders
train,225,1,Long-term low spenders
train,226,0,New high spenders
train,227,2,Long-term high spenders
train,228,2,Long-term high spenders
train,229,0,New high spenders
train,230,3,New low spenders
train,231,0,New high spenders
train,232,0,New high spenders
train,233,3,New low spenders
train,234,0,New high spenders
train,235,0,New high spenders
train,236,3,New low spenders
train,237,1,Long-term low spenders
train,238,2,Long-term high spenders
train,239,0,New high spenders
train,240,0,New high spenders
train,241,3,New low spenders
train,242,3,New low spenders
train,243,0,New high spenders
train,244,2,Long-term high spenders
train,245,1,Long-term low spenders
train,246,0,New high spenders
train,247,0,New high spenders
train,248,0,New high spenders
train,249,1,Long-term low spenders
train,250,0,New high spenders
train,251,1,Long-term low spenders
train,252,3,New low spenders
train,253,0,New high spenders
train,254,3,New low spenders
train,255,0,New high spenders
train,256,3,New low spenders
train,257,3,New low spenders
train,258,2,Long-term high spenders
train,259,0,New high spenders
train,260,1,Long-term low spenders
train,261,2,Long-term high spenders
train,262,1,Long-term low spenders
train,263,3,New low spenders
train,264,3,New low spenders
train,265,2,Long-term high spenders
train,266,3,New low spenders
train,267,0,New high spenders
train,268,2,Long-term high spenders
train,269,2,Long-term high spenders
train,270,0,New high spenders
train,271,3,New low spenders
train,272,2,Long-term high spenders
train,273,0,New high spenders
train,274,0,New high spenders
train,275,2,Long-term high spenders
train,276,0,New high spenders
train,277,1,Long-term low spenders
train,278,2,Long-term high spenders
train,279,3,New low spenders
train,280,0,New high spenders
train,281,0,New high spenders
train,282,3,New low spenders
train,283,3,New low spenders
train,284,2,Long-term high spenders
train,285,2,Long-term high spenders
train,286,1,Long-term low spenders
train,287,2,Long-term high spenders
train,288,2,Long-term high spenders
train,289,3,New low spenders
train,290,2,Long-term high spenders
train,291,0,New high spenders
train,292,2,Long-term high spenders
train,293,0,New high spenders
train,294,1,Long-term low spenders
train,295,0,New high spenders
train,296,2,Long-term high spenders
train,297,0,New high spenders
train,298,3,New low spenders
train,299,2,Long-term high spenders
train,300,3,New low spenders
train,301,0,New high spenders
train,302,1,Long-term low spenders
train,303,0,New high spenders
train,304,0,New high spenders
train,305,2,Long-term high spenders
train,306,0,New high spenders
train,307,2,Long-term high spenders
train,308,2,Long-term high spenders
train,309,2,Long-term high spenders
train,310,0,New high spenders
train,311,3,New low spenders
train,312,2,Long-term high spenders
train,313,0,New high spenders
train,314,0,New high spenders
train,315,0,New high spenders
train,316,2,Long-term high spenders
train,317,3,New low spenders
train,318,3,New low spenders
train,319,3,New low spenders
train,320,0,New high spenders
train,321,2,Long-term high spenders
train,322,3,New low spenders
train,323,0,New high spenders
train,324,0,New high spenders
train,325,2,Long-term high spenders
train,326,2,Long-term high spenders
train,327,1,Long-term low spenders
train,328,1,Long-term low spenders
train,329,3,New low spenders
train,330,0,New high spenders
train,331,0,New high spenders
train,332,2,Long-term high spenders
train,333,3,New low spenders
train,334,0,New high spenders
train,335,2,Long-term high spenders
train,336,2,Long-term high spenders
train,337,3,New low spenders
train,338,0,New high spenders
train,339,1,Long-term low spenders
train,340,3,New low spenders
train,341,0,New high spenders
train,342,0,New high spenders
train,343,2,Long-term high spenders
train,344,1,Long-term low spenders
train,345,3,New low spenders
train,346,1,Long-term low spenders
train,347,0,New high spenders
train,348,0,New high spenders
train,349,0,New high spenders
train,350,0,New high spenders
train,351,1,Long-term low spenders
train,352,0,New high spenders
train,353,2,Long-term high spenders
train,354,3,New low spenders
train,355,3,New low spenders
train,356,2,Long-term high spenders
train,357,2,Long-term high spenders
train,358,0,New high spenders
train,359,0,New high spenders
train,360,2,Long-term high spenders
train,361,2,Long-term high spenders
train,362,0,New high spenders
train,363,3,New low spenders
train,364,3,New low spenders
train,365,0,New high spenders
train,366,2,Long-term high spenders
train,367,1,Long-term low spenders
train,368,0,New high spenders
train,369,3,New low spenders
train,370,3,New low spenders
train,371,2,Long-term high spenders
train,372,1,Long-term low spenders
train,373,0,New high spenders
train,374,2,Long-term high spenders
train,375,1,Long-term low spenders
train,376,2,Long-term high spenders
train,377,2,Long-term high spenders
train,378,0,New high spenders
train,379,3,New low spenders
train,380,0,New high spenders
train,381,1,Long-term low spenders
train,382,3,New low spenders
train,383,2,Long-term high spenders
train,384,3,New low spenders
train,385,2,Long-term high spenders
train,386,3,New low spenders
train,387,0,New high spenders
train,388,0,New high spenders
train,389,1,Long-term low spenders
train,390,2,Long-term high spenders
train,391,2,Long-term high spenders
train,392,3,New low spenders
train,393,0,New high spenders
train,394,0,New high spenders
train,395,2,Long-term high spenders
train,396,0,New high spenders
train,397,1,Long-term low spenders
train,398,3,New low spenders
train,399,1,Long-term low spenders
train,400,0,New high spenders
train,401,2,Long-term high spenders
train,402,0,New high spenders
train,403,3,New low spenders
train,404,0,New high spenders
train,405,3,New low spenders
train,406,3,New low spenders
train,407,0,New high spenders
train,408,3,New low spenders
train,409,3,New low spenders
train,410,2,Long-term high spenders
train,411,0,New high spenders
train,412,0,New high spenders
train,413,2,Long-term high spenders
train,414,0,New high spenders
train,415,0,New high spenders
train,416,2,Long-term high spenders
train,417,2,Long-term high spenders
train,418,0,New high spenders
train,419,2,Long-term high spenders
train,420,1,Long-term low spenders
train,421,1,Long-term low spenders
train,422,1,Long-term low spenders
train,423,3,New low spenders
train,424,0,New high spenders
train,425,1,Long-term low spenders
train,426,0,New high spenders
train,427,0,New high spenders
train,428,0,New high spenders
train,429,3,New low spenders
train,430,2,Long-term high spenders
train,431,3,New low spenders
train,432,1,Long-term low spenders
train,433,0,New high spenders
train,434,1,Long-term low spenders
train,435,0,New high spenders
train,436,2,Long-term high spenders
train,437,0,New high spenders
train,438,3,New low spenders
train,439,2,Long-term high spenders
train,440,1,Long-term low spenders
train,441,3,New low spenders
train,442,2,Long-term high spenders
train,443,0,New high spenders
train,444,3,New low spenders
train,445,3,New low spenders
train,446,1,Long-term low spenders
train,447,3,New low spenders
train,448,1,Long-term low spenders
train,449,3,New low spenders
train,450,0,New high spenders
train,451,2,Long-term high spenders
train,452,2,Long-term high spenders
train,453,0,New high spenders
train,454,3,New low spenders
train,455,0,New high spenders
train,456,3,New low spenders
train,457,1,Long-term low spenders
train,458,2,Long-term high spenders
train,459,2,Long-term high spenders
train,460,1,Long-term low spenders
train,461,2,Long-term high spenders
train,462,3,New low spenders
train,463,1,Long-term low spenders
train,464,0,New high spenders
train,465,2,Long-term high spenders
train,466,0,New high spenders
train,467,1,Long-term low spenders
train,468,0,New high spenders
train,469,1,Long-term low spenders
train,470,0,New high spenders
train,471,1,Long-term low spenders
train,472,0,New high spenders
train,473,0,New high spenders
train,474,1,Long-term low spenders
train,475,0,New high spenders
train,476,3,New low spenders
train,477,1,Long-term low spenders
train,478,2,Long-term high spenders
train,479,1,Long-term low spenders
train,480,3,New low spenders
train,481,1,Long-term low spenders
train,482,0,New high spenders
train,483,2,Long-term high spenders
train,484,0,New high spenders
train,485,0,New high spenders
train,486,0,New high spenders
train,487,3,New low spenders
train,488,0,New high spenders
train,489,0,New high spenders
train,490,3,New low spenders
train,491,2,Long-term high spenders
train,492,3,New low spenders
train,493,0,New high spenders
train,494,2,Long-term high spenders
train,495,3,New low spenders
train,496,2,Long-term high spenders
train,497,2,Long-term high spenders
train,498,2,Long-term high spenders
train,499,3,New low spenders
train,500,1,Long-term low spenders
train,501,3,New low spenders
train,502,3,New low spenders
train,503,2,Long-term high spenders
train,504,0,New high spenders
train,505,3,New low spenders
train,506,0,New high spenders
train,507,3,New low spenders
train,508,0,New high spenders
train,509,0,New high spenders
train,510,0,New high spenders
train,511,0,New high spenders
train,512,1,Long-term low spenders
train,513,0,New high spenders
train,514,0,New high spenders
train,515,2,Long-term high spenders
train,516,0,New high spenders
train,517,3,New low spenders
train,518,1,Long-term low spenders
train,519,2,Long-term high spenders
train,520,1,Long-term low spenders
train,521,3,New low spenders
train,522,3,New low spenders
train,523,2,Long-term high spenders
train,524,1,Long-term low spenders
train,525,2,Long-term high spenders
train,526,1,Long-term low spenders
train,527,3,New low spenders
train,528,0,New high spenders
train,529,3,New low spenders
train,530,1,Long-term low spenders
train,531,0,New high spenders
train,532,0,New high spenders
train,533,0,New high spenders
train,534,1,Long-term low spenders
train,535,2,Long-term high spenders
train,536,0,New high spenders
train,537,2,Long-term high spenders
train,538,0,New high spenders
train,539,0,New high spenders
train,540,3,New low spenders
train,541,0,New high spenders
train,542,2,Long-term high spenders
train,543,2,Long-term high spenders
train,544,2,Long-term high spenders
train,545,1,Long-term low spenders
train,546,2,Long-term high spenders
train,547,0,New high spenders
train,548,0,New high spenders
train,549,2,Long-term high spenders
train,550,2,Long-term high spenders
train,551,0,New high spenders
train,552,2,Long-term high spenders
train,553,3,New low spenders
train,554,0,New high spenders
train,555,3,New low spenders
train,556,3,New low spenders
train,557,3,New low spenders
train,558,3,New low spenders
train,559,1,Long-term low spenders
train,560,1,Long-term low spenders
train,561,1,Long-term low spenders
train,562,0,New high spenders
train,563,0,New high spenders
train,564,2,Long-term high spenders
train,565,1,Long-term low spenders
train,566,2,Long-term high spenders
train,567,3,New low spenders
train,568,0,New high spenders
train,569,1,Long-term low spenders
train,570,3,New low spenders
train,571,0,New high spenders
train,572,2,Long-term high spenders
train,573,3,New low spenders
train,574,3,New low spenders
train,575,3,New low spenders
train,576,0,New high spenders
train,577,1,Long-term low spenders
train,578,3,New low spenders
train,579,2,Long-term high spenders
train,580,0,New high spenders
train,581,3,New low spenders
train,582,1,Long-term low spenders
train,583,0,New high spenders
train,584,0,New high spenders
train,585,0,New high spenders
train,586,0,New high spenders
train,587,0,New high spenders
train,588,0,New high spenders
train,589,0,New high spenders
train,590,2,Long-term high spenders
train,591,2,Long-term high spenders
train,592,0,New high spenders
train,593,0,New high spenders
train,594,0,New high spenders
train,595,2,Long-term high spenders
train,596,3,New low spenders
train,597,1,Long-term low spenders
train,598,1,Long-term low spenders
train,599,3,New low spenders
train,600,0,New high spenders
train,601,0,New high spenders
train,602,1,Long-term low spenders
train,603,2,Long-term high spenders
train,604,0,New high spenders
train,605,0,New high spenders
train,606,2,Long-term high spenders
train,607,3,New low spenders
train,608,3,New low spenders
train,609,3,New low spenders
train,610,0,New high spenders
train,611,0,New high spenders
train,612,0,New high spenders
train,613,0,New high spenders
train,614,2,Long-term high spenders
train,615,0,New high spenders
train,616,0,New high spenders
train,617,3,New low spenders
train,618,1,Long-term low spenders
train,619,2,Long-term high spenders
train,620,0,New high spenders
train,621,3,New low spenders
train,622,1,Long-term low spenders
train,623,3,New low spenders
train,624,2,Long-term high spenders
train,625,1,Long-term low spenders
train,626,3,New low spenders
train,627,3,New low spenders
train,628,3,New low spenders
train,629,3,New low spenders
train,630,2,Long-term high spenders
train,631,0,New high spenders
train,632,0,New high spenders
train,633,0,New high spenders
train,634,0,New high spenders
train,635,2,Long-term high spenders
train,636,2,Long-term high spenders
train,637,2,Long-term high spenders
train,638,3,New low spenders
train,639,1,Long-term low spenders
train,640,3,New low spenders
train,641,0,New high spenders
train,642,0,New high spenders
train,643,0,New high spenders
train,644,0,New high spenders
train,645,0,New high spenders
train,646,1,Long-term low spenders
train,647,1,Long-term low spenders
train,648,3,New low spenders
train,649,0,New high spenders
train,650,2,Long-term high spenders
train,651,2,Long-term high spenders
train,652,1,Long-term low spenders
train,653,3,New low spenders
train,654,2,Long-term high spenders
train,655,3,New low spenders
train,656,0,New high spenders
train,657,0,New high spenders
train,658,0,New high spenders
train,659,0,New high spenders
train,660,1,Long-term low spenders
train,661,3,New low spenders
train,662,0,New high spenders
train,663,1,Long-term low spenders
train,664,2,Long-term high spenders
train,665,0,New high spenders
train,666,0,New high spenders
train,667,0,New high spenders
train,668,2,Long-term high spenders
train,669,3,New low spenders
train,670,2,Long-term high spenders
train,671,2,Long-term high spenders
train,672,2,Long-term high spenders
train,673,3,New low spenders
train,674,0,New high spenders
train,675,0,New high spenders
train,676,2,Long-term high spenders
train,677,0,New high spenders
train,678,2,Long-term high spenders
train,679,2,Long-term high spenders
train,680,0,New high spenders
train,681,0,New high spenders
train,682,0,New high spenders
train,683,1,Long-term low spenders
train,684,0,New high spenders
train,685,2,Long-term high spenders
train,686,3,New low spenders
train,687,2,Long-term high spenders
train,688,0,New high spenders
train,689,2,Long-term high spenders
train,690,2,Long-term high spenders
train,691,2,Long-term high spenders
train,692,1,Long-term low spenders
train,693,3,New low spenders
train,694,2,Long-term high spenders
train,695,3,New low spenders
train,696,1,Long-term low spenders
train,697,2,Long-term high spenders
train,698,1,Long-term low spenders
train,699,2,Long-term high spenders
train,700,1,Long-term low spenders
train,701,3,New low spenders
train,702,2,Long-term high spenders
train,703,3,New low spenders
train,704,3,New low spenders
train,705,0,New high spenders
train,706,1,Long-term low spenders
train,707,0,New high spenders
train,708,3,New low spenders
train,709,0,New high spenders
train,710,0,New high spenders
train,711,2,Long-term high spenders
train,712,2,Long-term high spenders
train,713,2,Long-term high spenders
train,714,0,New high spenders
train,715,3,New low spenders
train,716,0,New high spenders
train,717,3,New low spenders
train,718,1,Long-term low spenders
train,719,3,New low spenders
train,720,0,New high spenders
train,721,0,New high spenders
train,722,0,New high spenders
train,723,0,New high spenders
train,724,0,New high spenders
train,725,2,Long-term high spenders
train,726,3,New low spenders
train,727,0,New high spenders
train,728,0,New high spenders
train,729,0,New high spenders
train,730,2,Long-term high spenders
train,731,2,Long-term high spenders
train,732,1,Long-term low spenders
train,733,3,New low spenders
train,734,0,New high spenders
train,735,0,New high spenders
train,736,2,Long-term high spenders
train,737,3,New low spenders
train,738,3,New low spenders
train,739,2,Long-term high spenders
train,740,3,New low spenders
train,741,0,New high spenders
train,742,0,New high spenders
train,743,3,New low spenders
train,744,0,New high spenders
train,745,2,Long-term high spenders
train,746,0,New high spenders
train,747,0,New high spenders
train,748,3,New low spenders
train,749,0,New high spenders
train,750,3,New low spenders
train,751,1,Long-term low spenders
train,752,2,Long-term high spenders
train,753,2,Long-term high spenders
train,754,2,Long-term high spenders
train,755,1,Long-term low spenders
train,756,3,New low spenders
train,757,0,New high spenders
train,758,3,New low spenders
train,759,1,Long-term low spenders
train,760,1,Long-term low spenders
train,761,0,New high spenders
train,762,2,Long-term high spenders
train,763,1,Long-term low spenders
train,764,2,Long-term high spenders
train,765,2,Long-term high spenders
train,766,3,New low spenders
train,767,1,Long-term low spenders
train,768,3,New low spenders
train,769,2,Long-term high spenders
train,770,0,New high spenders
train,771,0,New high spenders
train,772,0,New high spenders
train,773,0,New high spenders
train,774,3,New low spenders
train,775,3,New low spenders
train,776,0,New high spenders
train,777,0,New high spenders
train,778,1,Long-term low spenders
train,779,3,New low spenders
train,780,0,New high spenders
train,781,1,Long-term low spenders
train,782,0,New high spenders
train,783,3,New low spenders
train,784,2,Long-term high spenders
train,785,0,New high spenders
train,786,0,New high spenders
train,787,2,Long-term high spenders
train,788,3,New low spenders
train,789,2,Long-term high spenders
train,790,3,New low spenders
train,791,0,New high spenders
train,792,2,Long-term high spenders
train,793,2,Long-term high spenders
train,794,0,New high spenders
train,795,2,Long-term high spenders
train,796,2,Long-term high spenders
train,797,2,Long-term high spenders
train,798,0,New high spenders
train,799,0,New high spenders
train,800,0,New high spenders
train,801,1,Long-term low spenders
train,802,0,New high spenders
train,803,0,New high spenders
train,804,3,New low spenders
train,805,2,Long-term high spenders
train,806,1,Long-term low spenders
train,807,3,New low spenders
train,808,0,New high spenders
train,809,3,New low spenders
train,810,2,Long-term high spenders
train,811,0,New high spenders
train,812,0,New high spenders
train,813,0,New high spenders
train,814,1,Long-term low spenders
train,815,1,Long-term low spenders
train,816,3,New low spenders
train,817,1,Long-term low spenders
train,818,3,New low spenders
train,819,0,New high spenders
train,820,0,New high spenders
train,821,2,Long-term high spenders
train,822,1,Long-term low spenders
train,823,3,New low spenders
train,824,0,New high spenders
train,825,0,New high spenders
train,826,0,New high spenders
train,827,0,New high spenders
train,828,1,Long-term low spenders
train,829,3,New low spenders
train,830,0,New high spenders
train,831,1,Long-term low spenders
train,832,2,Long-term high spenders
train,833,1,Long-term low spenders
train,834,2,Long-term high spenders
train,835,0,New high spenders
train,836,1,Long-term low spenders
train,837,0,New high spenders
train,838,1,Long-term low spenders
train,839,0,New high spenders
train,840,3,New low spenders
train,841,1,Long-term low spenders
train,842,0,New high spenders
train,843,0,New high spenders
train,844,2,Long-term high spenders
train,845,0,New high spenders
train,846,0,New high spenders
train,847,3,New low spenders
train,848,2,Long-term high spenders
train,849,3,New low spenders
train,850,2,Long-term high spenders
train,851,0,New high spenders
train,852,0,New high spenders
train,853,2,Long-term high spenders
train,854,2,Long-term high spenders
train,855,0,New high spenders
train,856,1,Long-term low spenders
train,857,1,Long-term low spenders
train,858,0,New high spenders
train,859,2,Long-term high spenders
train,860,2,Long-term high spenders
train,861,3,New low spenders
train,862,1,Long-term low spenders
train,863,2,Long-term high spenders
train,864,0,New high spenders
train,865,2,Long-term high spenders
train,866,3,New low spenders
train,867,1,Long-term low spenders
train,868,3,New low spenders
train,869,0,New high spenders
train,870,3,New low spenders
train,871,2,Long-term high spenders
train,872,1,Long-term low spenders
train,873,1,Long-term low spenders
train,874,1,Long-term low spenders
train,875,1,Long-term low spenders
train,876,2,Long-term high spenders
train,877,0,New high spenders
train,878,2,Long-term high spenders
train,879,1,Long-term low spenders
train,880,2,Long-term high spenders
train,881,1,Long-term low spenders
train,882,1,Long-term low spenders
train,883,0,New high spenders
train,884,1,Long-term low spenders
train,885,3,New low spenders
train,886,0,New high spenders
train,887,1,Long-term low spenders
train,888,2,Long-term high spenders
train,889,3,New low spenders
train,890,2,Long-term high spenders
train,891,1,Long-term low spenders
train,892,0,New high spenders
train,893,0,New high spenders
train,894,3,New low spenders
train,895,3,New low spenders
train,896,3,New low spenders
train,897,1,Long-term low spenders
train,898,0,New high spenders
train,899,3,New low spenders
train,900,0,New high spenders
train,901,0,New high spenders
train,902,2,Long-term high spenders
train,903,0,New high spenders
train,904,2,Long-term high spenders
train,905,3,New low spenders
train,906,0,New high spenders
train,907,1,Long-term low spenders
train,908,1,Long-term low spenders
train,909,1,Long-term low spenders
train,910,0,New high spenders
train,911,0,New high spenders
train,912,3,New low spenders
train,913,2,Long-term high spenders
train,914,0,New high spenders
train,915,3,New low spenders
train,916,2,Long-term high spenders
train,917,3,New low spenders
train,918,2,Long-term high spenders
train,919,2,Long-term high spenders
train,920,0,New high spenders
train,921,2,Long-term high spenders
train,922,0,New high spenders
train,923,0,New high spenders
train,924,3,New low spenders
train,925,3,New low spenders
train,926,3,New low spenders
train,927,2,Long-term high spenders
train,928,2,Long-term high spenders
train,929,2,Long-term high spenders
train,930,2,Long-term high spenders
train,931,0,New high spenders
train,932,0,New high spenders
train,933,1,Long-term low spenders
train,934,0,New high spenders
train,935,0,New high spenders
train,936,3,New low spenders
train,937,0,New high spenders
train,938,0,New high spenders
train,939,0,New high spenders
train,940,2,Long-term high spenders
train,941,0,New high spenders
train,942,2,Long-term high spenders
train,943,3,New low spenders
train,944,2,Long-term high spenders
train,945,2,Long-term high spenders
train,946,2,Long-term high spenders
train,947,1,Long-term low spenders
train,948,2,Long-term high spenders
train,949,2,Long-term high spenders
train,950,2,Long-term high spenders
train,951,3,New low spenders
train,952,0,New high spenders
train,953,2,Long-term high spenders
train,954,3,New low spenders
train,955,2,Long-term high spenders
train,956,3,New low spenders
train,957,0,New high spenders
train,958,2,Long-term high spenders
train,959,2,Long-term high spenders
train,960,3,New low spenders
train,961,1,Long-term low spenders
train,962,3,New low spenders
train,963,3,New low spenders
train,964,2,Long-term high spenders
train,965,2,Long-term high spenders
train,966,0,New high spenders
train,967,0,New high spenders
train,968,2,Long-term high spenders
train,969,2,Long-term high spenders
train,970,2,Long-term high spenders
train,971,0,New high spenders
train,972,2,Long-term high spenders
train,973,1,Long-term low spenders
train,974,3,New low spenders
train,975,0,New high spenders
train,976,3,New low spenders
train,977,1,Long-term low spenders
train,978,0,New high spenders
train,979,2,Long-term high spenders
train,980,3,New low spenders
train,981,3,New low spenders
train,982,3,New low spenders
train,983,0,New high spenders
train,984,2,Long-term high spenders
train,985,0,New high spenders
train,986,1,Long-term low spenders
train,987,0,New high spenders
train,988,3,New low spenders
train,989,3,New low spenders
train,990,0,New high spenders
train,991,3,New low spenders
train,992,3,New low spenders
train,993,0,New high spenders
train,994,3,New low spenders
train,995,2,Long-term high spenders
train,996,3,New low spenders
train,997,3,New low spenders
train,998,2,Long-term high spenders
train,999,3,New low spenders
train,1000,1,Long-term low spenders
train,1001,1,Long-term low spenders
train,1002,3,New low spenders
train,1003,0,New high spenders
train,1004,1,Long-term low spenders
train,1005,1,Long-term low spenders
train,1006,3,New low spenders
train,1007,3,New low spenders
train,1008,3,New low spenders
train,1009,1,Long-term low spenders
train,1010,3,New low spenders
train,1011,0,New high spenders
train,1012,0,New high spenders
train,1013,0,New high spenders
train,1014,2,Long-term high spenders
train,1015,3,New low spenders
train,1016,2,Long-term high spenders
train,1017,2,Long-term high spenders
train,1018,2,Long-term high spenders
train,1019,3,New low spenders
train,1020,0,New high spenders
train,1021,3,New low spenders
train,1022,2,Long-term high spenders
train,1023,3,New low spenders
train,1024,3,New low spenders
train,1025,2,Long-term high spenders
train,1026,3,New low spenders
train,1027,0,New high spenders
train,1028,2,Long-term high spenders
train,1029,2,Long-term high spenders
train,1030,3,New low spenders
train,1031,1,Long-term low spenders
train,1032,3,New low spenders
train,1033,0,New high spenders
train,1034,0,New high spenders
train,1035,2,Long-term high spenders
train,1036,3,New low spenders
train,1037,3,New low spenders
train,1038,0,New high spenders
train,1039,0,New high spenders
train,1040,2,Long-term high spenders
train,1041,0,New high spenders
train,1042,2,Long-term high spenders
train,1043,2,Long-term high spenders
train,1044,2,Long-term high spenders
train,1045,1,Long-term low spenders
train,1046,0,New high spenders
train,1047,2,Long-term high spenders
train,1048,3,New low spenders
train,1049,1,Long-term low spenders
train,1050,0,New high spenders
train,1051,0,New high spenders
train,1052,0,New high spenders
train,1053,2,Long-term high spenders
train,1054,1,Long-term low spenders
train,1055,2,Long-term high spenders
train,1056,1,Long-term low spenders
train,1057,0,New high spenders
train,1058,2,Long-term high spenders
train,1059,3,New low spenders
train,1060,3,New low spenders
train,1061,2,Long-term high spenders
train,1062,3,New low spenders
train,1063,3,New low spenders
train,1064,3,New low spenders
train,1065,0,New high spenders
train,1066,2,Long-term high spenders
train,1067,2,Long-term high spenders
train,1068,3,New low spenders
train,1069,1,Long-term low spenders
train,1070,1,Long-term low spenders
train,1071,3,New low spenders
train,1072,0,New high spenders
train,1073,2,Long-term high spenders
train,1074,2,Long-term high spenders
train,1075,3,New low spenders
train,1076,3,New low spenders
train,1077,3,New low spenders
train,1078,1,Long-term low spenders
train,1079,1,Long-term low spenders
train,1080,0,New high spenders
train,1081,2,Long-term high spenders
train,1082,2,Long-term high spenders
train,1083,1,Long-term low spenders
train,1084,2,Long-term high spenders
train,1085,1,Long-term low spenders
train,1086,2,Long-term high spenders
train,1087,2,Long-term high spenders
train,1088,1,Long-term low spenders
train,1089,2,Long-term high spenders
train,1090,2,Long-term high spenders
train,1091,3,New low spenders
train,1092,2,Long-term high spenders
train,1093,0,New high spenders
train,1094,2,Long-term high spenders
train,1095,0,New high spenders
train,1096,0,New high spenders
train,1097,0,New high spenders
train,1098,0,New high spenders
train,1099,3,New low spenders
train,1100,0,New high spenders
train,1101,3,New low spenders
train,1102,0,New high spenders
train,1103,2,Long-term high spenders
train,1104,2,Long-term high spenders
train,1105,2,Long-term high spenders
train,1106,0,New high spenders
train,1107,2,Long-term high spenders
train,1108,0,New high spenders
train,1109,0,New high spenders
train,1110,0,New high spenders
train,1111,0,New high spenders
train,1112,2,Long-term high spenders
train,1113,0,New high spenders
train,1114,3,New low spenders
train,1115,2,Long-term high spenders
train,1116,0,New high spenders
train,1117,2,Long-term high spenders
train,1118,3,New low spenders
train,1119,2,Long-term high spenders
train,1120,0,New high spenders
train,1121,3,New low spenders
train,1122,2,Long-term high spenders
train,1123,3,New low spenders
train,1124,1,Long-term low spenders
train,1125,1,Long-term low spenders
train,1126,3,New low spenders
train,1127,3,New low spenders
train,1128,1,Long-term low spenders
train,1129,1,Long-term low spenders
train,1130,0,New high spenders
train,1131,2,Long-term high spenders
train,1132,1,Long-term low spenders
train,1133,3,New low spenders
train,1134,2,Long-term high spenders
train,1135,2,Long-term high spenders
train,1136,0,New high spenders
train,1137,3,New low spenders
train,1138,3,New low spenders
train,1139,2,Long-term high spenders
train,1140,0,New high spenders
train,1141,3,New low spenders
train,1142,2,Long-term high spenders
train,1143,3,New low spenders
train,1144,0,New high spenders
train,1145,3,New low spenders
train,1146,0,New high spenders
train,1147,2,Long-term high spenders
train,1148,0,New high spenders
train,1149,3,New low spenders
train,1150,2,Long-term high spenders
train,1151,2,Long-term high spenders
train,1152,0,New high spenders
train,1153,0,New high spenders
train,1154,3,New low spenders
train,1155,0,New high spenders
train,1156,2,Long-term high spenders
train,1157,3,New low spenders
train,1158,2,Long-term high spenders
train,1159,2,Long-term high spenders
train,1160,1,Long-term low spenders
train,1161,2,Long-term high spenders
train,1162,2,Long-term high spenders
train,1163,2,Long-term high spenders
train,1164,0,New high spenders
train,1165,2,Long-term high spenders
train,1166,2,Long-term high spenders
train,1167,0,New high spenders
train,1168,0,New high spenders
train,1169,3,New low spenders
train,1170,1,Long-term low spenders
train,1171,3,New low spenders
train,1172,0,New high spenders
train,1173,2,Long-term high spenders
train,1174,1,Long-term low spenders
train,1175,1,Long-term low spenders
train,1176,3,New low spenders
train,1177,3,New low spenders
train,1178,0,New high spenders
train,1179,0,New high spenders
train,1180,0,New high spenders
train,1181,2,Long-term high spenders
train,1182,3,New low spenders
train,1183,2,Long-term high spenders
train,1184,3,New low spenders
train,1185,0,New high spenders
train,1186,2,Long-term high spenders
train,1187,3,New low spenders
train,1188,0,New high spenders
train,1189,3,New low spenders
train,1190,3,New low spenders
train,1191,0,New high spenders
train,1192,2,Long-term high spenders
train,1193,1,Long-term low spenders
train,1194,1,Long-term low spenders
train,1195,0,New high spenders
train,1196,1,Long-term low spenders
train,1197,2,Long-term high spenders
train,1198,0,New high spenders
train,1199,1,Long-term low spenders
train,1200,2,Long-term high spenders
train,1201,1,Long-term low spenders
train,1202,0,New high spenders
train,1203,3,New low spenders
train,1204,0,New high spenders
train,1205,2,Long-term high spenders
train,1206,1,Long-term low spenders
train,1207,0,New high spenders
train,1208,2,Long-term high spenders
train,1209,2,Long-term high spenders
train,1210,0,New high spenders
train,1211,2,Long-term high spenders
train,1212,0,New high spenders
train,1213,0,New high spenders
train,1214,0,New high spenders
train,1215,0,New high spenders
train,1216,2,Long-term high spenders
train,1217,0,New high spenders
train,1218,3,New low spenders
train,1219,2,Long-term high spenders
train,1220,3,New low spenders
train,1221,2,Long-term high spenders
train,1222,2,Long-term high spenders
train,1223,3,New low spenders
train,1224,2,Long-term high spenders
train,1225,2,Long-term high spenders
train,1226,0,New high spenders
train,1227,3,New low spenders
train,1228,0,New high spenders
train,1229,2,Long-term high spenders
train,1230,2,Long-term high spenders
train,1231,2,Long-term high spenders
train,1232,0,New high spenders
train,1233,3,New low spenders
train,1234,3,New low spenders
train,1235,3,New low spenders
train,1236,2,Long-term high spenders
train,1237,2,Long-term high spenders
train,1238,3,New low spenders
train,1239,2,Long-term high spenders
train,1240,0,New high spenders
train,1241,1,Long-term low spenders
train,1242,1,Long-term low spenders
train,1243,1,Long-term low spenders
train,1244,0,New high spenders
train,1245,0,New high spenders
train,1246,2,Long-term high spenders
train,1247,1,Long-term low spenders
train,1248,0,New high spenders
train,1249,3,New low spenders
train,1250,0,New high spenders
train,1251,0,New high spenders
train,1252,2,Long-term high spenders
train,1253,3,New low spenders
train,1254,0,New high spenders
train,1255,2,Long-term high spenders
train,1256,0,New high spenders
train,1257,0,New high spenders
train,1258,2,Long-term high spenders
train,1259,2,Long-term high spenders
train,1260,0,New high spenders
train,1261,3,New low spenders
train,1262,3,New low spenders
train,1263,0,New high spenders
train,1264,0,New high spenders
train,1265,3,New low spenders
train,1266,0,New high spenders
train,1267,3,New low spenders
train,1268,1,Long-term low spenders
train,1269,3,New low spenders
train,1270,0,New high spenders
train,1271,1,Long-term low spenders
train,1272,1,Long-term low spenders
train,1273,0,New high spenders
train,1274,3,New low spenders
train,1275,0,New high spenders
train,1276,2,Long-term high spenders
train,1277,1,Long-term low spenders
train,1278,3,New low spenders
train,1279,2,Long-term high spenders
train,1280,2,Long-term high spenders
train,1281,0,New high spenders
train,1282,3,New low spenders
train,1283,2,Long-term high spenders
train,1284,0,New high spenders
train,1285,2,Long-term high spenders
train,1286,1,Long-term low spenders
train,1287,3,New low spenders
train,1288,2,Long-term high spenders
train,1289,0,New high spenders
train,1290,2,Long-term high spenders
train,1291,1,Long-term low spenders
train,1292,1,Long-term low spenders
train,1293,0,New high spenders
train,1294,2,Long-term high spenders
train,1295,1,Long-term low spenders
train,1296,3,New low spenders
train,1297,1,Long-term low spenders
train,1298,3,New low spenders
train,1299,3,New low spenders
train,1300,2,Long-term high spenders
train,1301,3,New low spenders
train,1302,0,New high spenders
train,1303,0,New high spenders
train,1304,2,Long-term high spenders
train,1305,2,Long-term high spenders
train,1306,3,New low spenders
train,1307,0,New high spenders
train,1308,0,New high spenders
train,1309,0,New high spenders
train,1310,3,New low spenders
train,1311,3,New low spenders
train,1312,3,New low spenders
train,1313,0,New high spenders
train,1314,3,New low spenders
train,1315,1,Long-term low spenders
train,1316,0,New high spenders
train,1317,0,New high spenders
train,1318,1,Long-term low spenders
train,1319,2,Long-term high spenders
train,1320,2,Long-term high spenders
train,1321,2,Long-term high spenders
train,1322,1,Long-term low spenders
train,1323,0,New high spenders
train,1324,2,Long-term high spenders
train,1325,0,New high spenders
train,1326,2,Long-term high spenders
train,1327,2,Long-term high spenders
train,1328,0,New high spenders
train,1329,0,New high spenders
train,1330,2,Long-term high spenders
train,1331,3,New low spenders
train,1332,3,New low spenders
train,1333,1,Long-term low spenders
train,1334,3,New low spenders
train,1335,1,Long-term low spenders
train,1336,1,Long-term low spenders
train,1337,3,New low spenders
train,1338,0,New high spenders
train,1339,3,New low spenders
train,1340,3,New low spenders
train,1341,0,New high spenders
train,1342,0,New high spenders
train,1343,2,Long-term high spenders
train,1344,0,New high spenders
train,1345,2,Long-term high spenders
train,1346,3,New low spenders
train,1347,1,Long-term low spenders
train,1348,0,New high spenders
train,1349,3,New low spenders
train,1350,3,New low spenders
train,1351,2,Long-term high spenders
train,1352,0,New high spenders
train,1353,0,New high spenders
train,1354,0,New high spenders
train,1355,2,Long-term high spenders
train,1356,3,New low spenders
train,1357,2,Long-term high spenders
train,1358,3,New low spenders
train,1359,2,Long-term high spenders
train,1360,3,New low spenders
train,1361,3,New low spenders
train,1362,0,New high spenders
train,1363,3,New low spenders
train,1364,3,New low spenders
train,1365,2,Long-term high spenders
train,1366,0,New high spenders
train,1367,2,Long-term high spenders
train,1368,0,New high spenders
train,1369,2,Long-term high spenders
train,1370,1,Long-term low spenders
train,1371,0,New high spenders
train,1372,3,New low spenders
train,1373,0,New high spenders
train,1374,0,New high spenders
train,1375,1,Long-term low spenders
train,1376,2,Long-term high spenders
train,1377,0,New high spenders
train,1378,2,Long-term high spenders
train,1379,3,New low spenders
train,1380,1,Long-term low spenders
train,1381,3,New low spenders
train,1382,3,New low spenders
train,1383,3,New low spenders
train,1384,0,New high spenders
train,1385,1,Long-term low spenders
train,1386,0,New high spenders
train,1387,1,Long-term low spenders
train,1388,3,New low spenders
train,1389,3,New low spenders
train,1390,0,New high spenders
train,1391,1,Long-term low spenders
train,1392,0,New high spenders
train,1393,0,New high spenders
train,1394,2,Long-term high spenders
train,1395,2,Long-term high spenders
train,1396,1,Long-term low spenders
train,1397,2,Long-term high spenders
train,1398,3,New low spenders
train,1399,2,Long-term high spenders
train,1400,2,Long-term high spenders
train,1401,0,New high spenders
train,1402,0,New high spenders
train,1403,2,Long-term high spenders
train,1404,3,New low spenders
train,1405,3,New low spenders
train,1406,1,Long-term low spenders
train,1407,0,New high spenders
train,1408,0,New high spenders
train,1409,1,Long-term low spenders
train,1410,1,Long-term low spenders
train,1411,1,Long-term low spenders
train,1412,2,Long-term high spenders
train,1413,2,Long-term high spenders
train,1414,2,Long-term high spenders
train,1415,2,Long-term high spenders
train,1416,2,Long-term high spenders
train,1417,0,New high spenders
train,1418,3,New low spenders
train,1419,3,New low spenders
train,1420,2,Long-term high spenders
train,1421,2,Long-term high spenders
train,1422,0,New high spenders
train,1423,3,New low spenders
train,1424,2,Long-term high spenders
train,1425,3,New low spenders
train,1426,0,New high spenders
train,1427,2,Long-term high spenders
train,1428,0,New high spenders
train,1429,2,Long-term high spenders
train,1430,0,New high spenders
train,1431,3,New low spenders
train,1432,2,Long-term high spenders
train,1433,1,Long-term low spenders
train,1434,2,Long-term high spenders
train,1435,1,Long-term low spenders
train,1436,0,New high spenders
train,1437,1,Long-term low spenders
train,1438,2,Long-term high spenders
train,1439,1,Long-term low spenders
train,1440,3,New low spenders
train,1441,2,Long-term high spenders
train,1442,1,Long-term low spenders
train,1443,0,New high spenders
train,1444,2,Long-term high spenders
train,1445,1,Long-term low spenders
train,1446,3,New low spenders
train,1447,1,Long-term low spenders
train,1448,1,Long-term low spenders
train,1449,1,Long-term low spenders
train,1450,3,New low spenders
train,1451,0,New high spenders
train,1452,0,New high spenders
train,1453,0,New high spenders
train,1454,3,New low spenders
train,1455,3,New low spenders
train,1456,3,New low spenders
train,1457,0,New high spenders
train,1458,3,New low spenders
train,1459,3,New low spenders
train,1460,1,Long-term low spenders
train,1461,3,New low spenders
train,1462,2,Long-term high spenders
train,1463,3,New low spenders
train,1464,3,New low spenders
train,1465,0,New high spenders
train,1466,1,Long-term low spenders
train,1467,0,New high spenders
train,1468,2,Long-term high spenders
train,1469,3,New low spenders
train,1470,2,Long-term high spenders
train,1471,1,Long-term low spenders
train,1472,0,New high spenders
train,1473,1,Long-term low spenders
train,1474,3,New low spenders
train,1475,1,Long-term low spenders
train,1476,2,Long-term high spenders
train,1477,0,New high spenders
train,1478,3,New low spenders
train,1479,0,New high spenders
train,1480,1,Long-term low spenders
train,1481,0,New high spenders
train,1482,0,New high spenders
train,1483,0,New high spenders
train,1484,3,New low spenders
train,1485,0,New high spenders
train,1486,3,New low spenders
train,1487,3,New low spenders
train,1488,3,New low spenders
train,1489,3,New low spenders
train,1490,3,New low spenders
train,1491,2,Long-term high spenders
train,1492,3,New low spenders
train,1493,2,Long-term high spenders
train,1494,0,New high spenders
train,1495,3,New low spenders
train,1496,0,New high spenders
train,1497,3,New low spenders
train,1498,1,Long-term low spenders
train,1499,2,Long-term high spenders
train,1500,3,New low spenders
train,1501,2,Long-term high spenders
train,1502,0,New high spenders
train,1503,2,Long-term high spenders
train,1504,3,New low spenders
train,1505,0,New high spenders
train,1506,0,New high spenders
train,1507,3,New low spenders
train,1508,0,New high spenders
train,1509,2,Long-term high spenders
train,1510,0,New high spenders
train,1511,1,Long-term low spenders
train,1512,0,New high spenders
train,1513,0,New high spenders
train,1514,2,Long-term high spenders
train,1515,2,Long-term high spenders
train,1516,3,New low spenders
train,1517,0,New high spenders
train,1518,0,New high spenders
train,1519,0,New high spenders
train,1520,0,New high spenders
train,1521,1,Long-term low spenders
train,1522,3,New low spenders
train,1523,0,New high spenders
train,1524,2,Long-term high spenders
train,1525,2,Long-term high spenders
train,1526,2,Long-term high spenders
train,1527,1,Long-term low spenders
train,1528,2,Long-term high spenders
train,1529,0,New high spenders
train,1530,1,Long-term low spenders
train,1531,2,Long-term high spenders
train,1532,2,Long-term high spenders
train,1533,3,New low spenders
train,1534,1,Long-term low spenders
train,1535,0,New high spenders
train,1536,1,Long-term low spenders
train,1537,2,Long-term high spenders
train,1538,1,Long-term low spenders
train,1539,2,Long-term high spenders
train,1540,0,New high spenders
train,1541,1,Long-term low spenders
train,1542,1,Long-term low spenders
train,1543,1,Long-term low spenders
train,1544,3,New low spenders
train,1545,2,Long-term high spenders
train,1546,0,New high spenders
train,1547,1,Long-term low spenders
train,1548,2,Long-term high spenders
train,1549,2,Long-term high spenders
train,1550,3,New low spenders
train,1551,0,New high spenders
train,1552,3,New low spenders
train,1553,0,New high spenders
train,1554,1,Long-term low spenders
train,1555,0,New high spenders
train,1556,1,Long-term low spenders
train,1557,0,New high spenders
train,1558,2,Long-term high spenders
train,1559,2,Long-term high spenders
train,1560,1,Long-term low spenders
train,1561,2,Long-term high spenders
train,1562,0,New high spenders
train,1563,3,New low spenders
train,1564,1,Long-term low spenders
train,1565,1,Long-term low spenders
train,1566,2,Long-term high spenders
train,1567,2,Long-term high spenders
train,1568,3,New low spenders
train,1569,3,New low spenders
train,1570,0,New high spenders
train,1571,0,New high spenders
train,1572,2,Long-term high spenders
train,1573,3,New low spenders
train,1574,1,Long-term low spenders
train,1575,2,Long-term high spenders
train,1576,1,Long-term low spenders
train,1577,2,Long-term high spenders
train,1578,3,New low spenders
train,1579,3,New low spenders
train,1580,2,Long-term high spenders
train,1581,3,New low spenders
train,1582,3,New low spenders
train,1583,2,Long-term high spenders
train,1584,2,Long-term high spenders
train,1585,0,New high spenders
train,1586,2,Long-term high spenders
train,1587,0,New high spenders
train,1588,1,Long-term low spenders
train,1589,2,Long-term high spenders
train,1590,1,Long-term low spenders
train,1591,2,Long-term high spenders
train,1592,3,New low spenders
train,1593,2,Long-term high spenders
train,1594,2,Long-term high spenders
train,1595,2,Long-term high spenders
train,1596,0,New high spenders
train,1597,3,New low spenders
train,1598,0,New high spenders
train,1599,0,New high spenders
train,1600,2,Long-term high spenders
train,1601,3,New low spenders
train,1602,1,Long-term low spenders
train,1603,3,New low spenders
train,1604,0,New high spenders
train,1605,0,New high spenders
train,1606,0,New high spenders
train,1607,2,Long-term high spenders
train,1608,0,New high spenders
train,1609,2,Long-term high spenders
train,1610,2,Long-term high spenders
train,1611,0,New high spenders
train,1612,2,Long-term high spenders
train,1613,1,Long-term low spenders
train,1614,1,Long-term low spenders
train,1615,0,New high spenders
train,1616,1,Long-term low spenders
train,1617,0,New high spenders
train,1618,0,New high spenders
train,1619,3,New low spenders
train,1620,1,Long-term low spenders
train,1621,2,Long-term high spenders
train,1622,2,Long-term high spenders
train,1623,3,New low spenders
train,1624,3,New low spenders
train,1625,0,New high spenders
train,1626,3,New low spenders
train,1627,0,New high spenders
train,1628,2,Long-term high spenders
train,1629,2,Long-term high spenders
train,1630,0,New high spenders
train,1631,3,New low spenders
train,1632,3,New low spenders
train,1633,0,New high spenders
train,1634,2,Long-term high spenders
train,1635,0,New high spenders
train,1636,2,Long-term high spenders
train,1637,0,New high spenders
train,1638,0,New high spenders
train,1639,3,New low spenders
train,1640,1,Long-term low spenders
train,1641,0,New high spenders
train,1642,1,Long-term low spenders
train,1643,3,New low spenders
train,1644,0,New high spenders
train,1645,3,New low spenders
train,1646,0,New high spenders
train,1647,3,New low spenders
train,1648,3,New low spenders
train,1649,3,New low spenders
train,1650,2,Long-term high spenders
train,1651,1,Long-term low spenders
train,1652,2,Long-term high spenders
train,1653,2,Long-term high spenders
train,1654,3,New low spenders
train,1655,0,New high spenders
train,1656,1,Long-term low spenders
train,1657,1,Long-term low spenders
train,1658,2,Long-term high spenders
train,1659,1,Long-term low spenders
train,1660,0,New high spenders
train,1661,3,New low spenders
train,1662,1,Long-term low spenders
train,1663,0,New high spenders
train,1664,0,New high spenders
train,1665,1,Long-term low spenders
train,1666,2,Long-term high spenders
train,1667,0,New high spenders
train,1668,2,Long-term high spenders
train,1669,2,Long-term high spenders
train,1670,0,New high spenders
train,1671,3,New low spenders
train,1672,3,New low spenders
train,1673,3,New low spenders
train,1674,3,New low spenders
train,1675,2,Long-term high spenders
train,1676,3,New low spenders
train,1677,1,Long-term low spenders
train,1678,3,New low spenders
train,1679,2,Long-term high spenders
train,1680,0,New high spenders
train,1681,3,New low spenders
train,1682,0,New high spenders
train,1683,2,Long-term high spenders
train,1684,0,New high spenders
train,1685,1,Long-term low spenders
train,1686,0,New high spenders
train,1687,2,Long-term high spenders
train,1688,0,New high spenders
train,1689,2,Long-term high spenders
train,1690,0,New high spenders
train,1691,2,Long-term high spenders
train,1692,1,Long-term low spenders
train,1693,0,New high spenders
train,1694,1,Long-term low spenders
train,1695,1,Long-term low spenders
train,1696,2,Long-term high spenders
train,1697,3,New low spenders
train,1698,3,New low spenders
train,1699,2,Long-term high spenders
train,1700,1,Long-term low spenders
train,1701,3,New low spenders
train,1702,2,Long-term high spenders
train,1703,1,Long-term low spenders
train,1704,3,New low spenders
train,1705,0,New high spenders
train,1706,2,Long-term high spenders
train,1707,1,Long-term low spenders
train,1708,3,New low spenders
train,1709,3,New low spenders
train,1710,0,New high spenders
train,1711,3,New low spenders
train,1712,3,New low spenders
train,1713,0,New high spenders
train,1714,0,New high spenders
train,1715,3,New low spenders
train,1716,0,New high spenders
train,1717,2,Long-term high spenders
train,1718,3,New low spenders
train,1719,1,Long-term low spenders
train,1720,2,Long-term high spenders
train,1721,0,New high spenders
train,1722,1,Long-term low spenders
train,1723,0,New high spenders
train,1724,0,New high spenders
train,1725,0,New high spenders
train,1726,0,New high spenders
train,1727,2,Long-term high spenders
train,1728,0,New high spenders
train,1729,0,New high spenders
train,1730,1,Long-term low spenders
train,1731,3,New low spenders
train,1732,0,New high spenders
train,1733,2,Long-term high spenders
train,1734,1,Long-term low spenders
train,1735,2,Long-term high spenders
train,1736,1,Long-term low spenders
train,1737,0,New high spenders
train,1738,0,New high spenders
train,1739,1,Long-term low spenders
train,1740,2,Long-term high spenders
train,1741,3,New low spenders
train,1742,0,New high spenders
train,1743,3,New low spenders
train,1744,2,Long-term high spenders
train,1745,3,New low spenders
train,1746,3,New low spenders
train,1747,0,New high spenders
train,1748,1,Long-term low spenders
train,1749,1,Long-term low spenders
train,1750,2,Long-term high spenders
train,1751,0,New high spenders
train,1752,1,Long-term low spenders
train,1753,0,New high spenders
train,1754,2,Long-term high spenders
train,1755,1,Long-term low spenders
train,1756,2,Long-term high spenders
train,1757,3,New low spenders
train,1758,0,New high spenders
train,1759,0,New high spenders
train,1760,0,New high spenders
train,1761,3,New low spenders
train,1762,3,New low spenders
train,1763,0,New high spenders
train,1764,2,Long-term high spenders
train,1765,1,Long-term low spenders
train,1766,2,Long-term high spenders
train,1767,0,New high spenders
train,1768,3,New low spenders
train,1769,0,New high spenders
train,1770,1,Long-term low spenders
train,1771,1,Long-term low spenders
train,1772,3,New low spenders
train,1773,0,New high spenders
train,1774,1,Long-term low spenders
train,1775,0,New high spenders
train,1776,3,New low spenders
train,1777,0,New high spenders
train,1778,3,New low spenders
train,1779,3,New low spenders
train,1780,0,New high spenders
train,1781,0,New high spenders
train,1782,3,New low spenders
train,1783,0,New high spenders
train,1784,0,New high spenders
train,1785,1,Long-term low spenders
train,1786,2,Long-term high spenders
train,1787,2,Long-term high spenders
train,1788,1,Long-term low spenders
train,1789,3,New low spenders
train,1790,3,New low spenders
train,1791,0,New high spenders
train,1792,0,New high spenders
train,1793,0,New high spenders
train,1794,2,Long-term high spenders
train,1795,2,Long-term high spenders
train,1796,3,New low spenders
train,1797,1,Long-term low spenders
train,1798,3,New low spenders
train,1799,0,New high spenders
train,1800,2,Long-term high spenders
train,1801,3,New low spenders
train,1802,2,Long-term high spenders
train,1803,3,New low spenders
train,1804,1,Long-term low spenders
train,1805,2,Long-term high spenders
train,1806,2,Long-term high spenders
train,1807,0,New high spenders
train,1808,3,New low spenders
train,1809,0,New high spenders
train,1810,0,New high spenders
train,1811,3,New low spenders
train,1812,0,New high spenders
train,1813,0,New high spenders
train,1814,2,Long-term high spenders
train,1815,1,Long-term low spenders
train,1816,1,Long-term low spenders
train,1817,2,Long-term high spenders
train,1818,1,Long-term low spenders
train,1819,2,Long-term high spenders
train,1820,0,New high spenders
train,1821,2,Long-term high spenders
train,1822,1,Long-term low spenders
train,1823,2,Long-term high spenders
train,1824,0,New high spenders
train,1825,3,New low spenders
train,1826,0,New high spenders
train,1827,1,Long-term low spenders
train,1828,3,New low spenders
train,1829,2,Long-term high spenders
train,1830,1,Long-term low spenders
train,1831,0,New high spenders
train,1832,3,New low spenders
train,1833,1,Long-term low spenders
train,1834,2,Long-term high spenders
train,1835,0,New high spenders
train,1836,0,New high spenders
train,1837,3,New low spenders
train,1838,1,Long-term low spenders
train,1839,0,New high spenders
train,1840,0,New high spenders
train,1841,2,Long-term high spenders
train,1842,3,New low spenders
train,1843,3,New low spenders
train,1844,1,Long-term low spenders
train,1845,3,New low spenders
train,1846,2,Long-term high spenders
train,1847,3,New low spenders
train,1848,0,New high spenders
train,1849,3,New low spenders
train,1850,0,New high spenders
train,1851,2,Long-term high spenders
train,1852,0,New high spenders
train,1853,3,New low spenders
train,1854,0,New high spenders
train,1855,0,New high spenders
train,1856,0,New high spenders
train,1857,0,New high spenders
train,1858,1,Long-term low spenders
train,1859,0,New high spenders
train,1860,0,New high spenders
train,1861,1,Long-term low spenders
train,1862,3,New low spenders
train,1863,0,New high spenders
train,1864,2,Long-term high spenders
train,1865,2,Long-term high spenders
train,1866,2,Long-term high spenders
train,1867,2,Long-term high spenders
train,1868,1,Long-term low spenders
train,1869,2,Long-term high spenders
train,1870,2,Long-term high spenders
train,1871,0,New high spenders
train,1872,1,Long-term low spenders
train,1873,0,New high spenders
train,1874,0,New high spenders
train,1875,0,New high spenders
train,1876,0,New high spenders
train,1877,2,Long-term high spenders
train,1878,1,Long-term low spenders
train,1879,1,Long-term low spenders
train,1880,2,Long-term high spenders
train,1881,0,New high spenders
train,1882,0,New high spenders
train,1883,0,New high spenders
train,1884,3,New low spenders
train,1885,2,Long-term high spenders
train,1886,0,New high spenders
train,1887,0,New high spenders
train,1888,2,Long-term high spenders
train,1889,0,New high spenders
train,1890,3,New low spenders
train,1891,1,Long-term low spenders
train,1892,3,New low spenders
train,1893,3,New low spenders
train,1894,2,Long-term high spenders
train,1895,0,New high spenders
train,1896,0,New high spenders
train,1897,3,New low spenders
train,1898,0,New high spenders
train,1899,0,New high spenders
train,1900,3,New low spenders
train,1901,1,Long-term low spenders
train,1902,3,New low spenders
train,1903,2,Long-term high spenders
train,1904,0,New high spenders
train,1905,1,Long-term low spenders
train,1906,2,Long-term high spenders
train,1907,1,Long-term low spenders
train,1908,0,New high spenders
train,1909,0,New high spenders
train,1910,0,New high spenders
train,1911,0,New high spenders
train,1912,2,Long-term high spenders
train,1913,2,Long-term high spenders
train,1914,3,New low spenders
train,1915,3,New low spenders
train,1916,3,New low spenders
train,1917,1,Long-term low spenders
train,1918,3,New low spenders
train,1919,0,New high spenders
train,1920,3,New low spenders
train,1921,2,Long-term high spenders
train,1922,0,New high spenders
train,1923,3,New low spenders
train,1924,0,New high spenders
train,1925,2,Long-term high spenders
train,1926,0,New high spenders
train,1927,0,New high spenders
train,1928,0,New high spenders
train,1929,2,Long-term high spenders
train,1930,0,New high spenders
train,1931,3,New low spenders
train,1932,3,New low spenders
train,1933,3,New low spenders
train,1934,1,Long-term low spenders
train,1935,2,Long-term high spenders
train,1936,0,New high spenders
train,1937,2,Long-term high spenders
train,1938,2,Long-term high spenders
train,1939,3,New low spenders
train,1940,0,New high spenders
train,1941,0,New high spenders
train,1942,2,Long-term high spenders
train,1943,1,Long-term low spenders
train,1944,0,New high spenders
train,1945,2,Long-term high spenders
train,1946,1,Long-term low spenders
train,1947,3,New low spenders
train,1948,2,Long-term high spenders
train,1949,3,New low spenders
train,1950,3,New low spenders
train,1951,2,Long-term high spenders
train,1952,0,New high spenders
train,1953,3,New low spenders
train,1954,2,Long-term high spenders
train,1955,2,Long-term high spenders
train,1956,0,New high spenders
train,1957,2,Long-term high spenders
train,1958,3,New low spenders
train,1959,1,Long-term low spenders
train,1960,1,Long-term low spenders
train,1961,2,Long-term high spenders
train,1962,2,Long-term high spenders
train,1963,2,Long-term high spenders
train,1964,1,Long-term low spenders
train,1965,3,New low spenders
train,1966,3,New low spenders
train,1967,2,Long-term high spenders
train,1968,3,New low spenders
train,1969,2,Long-term high spenders
train,1970,3,New low spenders
train,1971,1,Long-term low spenders
train,1972,0,New high spenders
train,1973,2,Long-term high spenders
train,1974,1,Long-term low spenders
train,1975,2,Long-term high spenders
train,1976,2,Long-term high spenders
train,1977,0,New high spenders
train,1978,3,New low spenders
train,1979,2,Long-term high spenders
train,1980,2,Long-term high spenders
train,1981,3,New low spenders
train,1982,3,New low spenders
train,1983,1,Long-term low spenders
train,1984,0,New high spenders
train,1985,3,New low spenders
train,1986,0,New high spenders
train,1987,3,New low spenders
train,1988,2,Long-term high spenders
train,1989,1,Long-term low spenders
train,1990,3,New low spenders
train,1991,3,New low spenders
train,1992,2,Long-term high spenders
train,1993,0,New high spenders
train,1994,1,Long-term low spenders
train,1995,1,Long-term low spenders
train,1996,3,New low spenders
train,1997,3,New low spenders
train,1998,0,New high spenders
train,1999,3,New low spenders
train,2000,3,New low spenders
train,2001,1,Long-term low spenders
train,2002,0,New high spenders
train,2003,0,New high spenders
train,2004,1,Long-term low spenders
train,2005,0,New high spenders
train,2006,3,New low spenders
train,2007,2,Long-term high spenders
train,2008,3,New low spenders
train,2009,2,Long-term high spenders
train,2010,3,New low spenders
train,2011,3,New low spenders
train,2012,3,New low spenders
train,2013,0,New high spenders
train,2014,3,New low spenders
train,2015,2,Long-term high spenders
train,2016,0,New high spenders
train,2017,3,New low spenders
train,2018,2,Long-term high spenders
train,2019,3,New low spenders
train,2020,0,New high spenders
train,2021,0,New high spenders
train,2022,2,Long-term high spenders
train,2023,1,Long-term low spenders
train,2024,3,New low spenders
train,2025,2,Long-term high spenders
train,2026,0,New high spenders
train,2027,3,New low spenders
train,2028,2,Long-term high spenders
train,2029,3,New low spenders
train,2030,3,New low spenders
train,2031,2,Long-term high spenders
train,2032,1,Long-term low spenders
train,2033,3,New low spenders
train,2034,3,New low spenders
train,2035,0,New high spenders
train,2036,2,Long-term high spenders
train,2037,0,New high spenders
train,2038,0,New high spenders
train,2039,2,Long-term high spenders
train,2040,2,Long-term high spenders
train,2041,1,Long-term low spenders
train,2042,0,New high spenders
train,2043,0,New high spenders
train,2044,2,Long-term high spenders
train,2045,0,New high spenders
train,2046,2,Long-term high spenders
train,2047,0,New high spenders
train,2048,1,Long-term low spenders
train,2049,0,New high spenders
train,2050,1,Long-term low spenders
train,2051,0,New high spenders
train,2052,1,Long-term low spenders
train,2053,3,New low spenders
train,2054,0,New high spenders
train,2055,0,New high spenders
train,2056,0,New high spenders
train,2057,2,Long-term high spenders
train,2058,1,Long-term low spenders
train,2059,3,New low spenders
train,2060,2,Long-term high spenders
train,2061,0,New high spenders
train,2062,2,Long-term high spenders
train,2063,2,Long-term high spenders
train,2064,2,Long-term high spenders
train,2065,2,Long-term high spenders
train,2066,0,New high spenders
train,2067,0,New high spenders
train,2068,0,New high spenders
train,2069,1,Long-term low spenders
train,2070,3,New low spenders
train,2071,3,New low spenders
train,2072,1,Long-term low spenders
train,2073,0,New high spenders
train,2074,1,Long-term low spenders
train,2075,0,New high spenders
train,2076,2,Long-term high spenders
train,2077,2,Long-term high spenders
train,2078,0,New high spenders
train,2079,2,Long-term high spenders
train,2080,2,Long-term high spenders
train,2081,2,Long-term high spenders
train,2082,1,Long-term low spenders
train,2083,2,Long-term high spenders
train,2084,3,New low spenders
train,2085,3,New low spenders
train,2086,0,New high spenders
train,2087,1,Long-term low spenders
train,2088,2,Long-term high spenders
train,2089,3,New low spenders
train,2090,0,New high spenders
train,2091,2,Long-term high spenders
train,2092,0,New high spenders
train,2093,2,Long-term high spenders
train,2094,3,New low spenders
train,2095,0,New high spenders
train,2096,2,Long-term high spenders
train,2097,2,Long-term high spenders
train,2098,1,Long-term low spenders
train,2099,1,Long-term low spenders
train,2100,1,Long-term low spenders
train,2101,1,Long-term low spenders
train,2102,2,Long-term high spenders
train,2103,0,New high spenders
train,2104,2,Long-term high spenders
train,2105,3,New low spenders
train,2106,0,New high spenders
train,2107,1,Long-term low spenders
train,2108,2,Long-term high spenders
train,2109,2,Long-term high spenders
train,2110,2,Long-term high spenders
train,2111,2,Long-term high spenders
train,2112,3,New low spenders
train,2113,2,Long-term high spenders
train,2114,1,Long-term low spenders
train,2115,2,Long-term high spenders
train,2116,1,Long-term low spenders
train,2117,2,Long-term high spenders
train,2118,3,New low spenders
train,2119,2,Long-term high spenders
train,2120,2,Long-term high spenders
train,2121,1,Long-term low spenders
train,2122,2,Long-term high spenders
train,2123,3,New low spenders
train,2124,1,Long-term low spenders
train,2125,3,New low spenders
train,2126,0,New high spenders
train,2127,2,Long-term high spenders
train,2128,1,Long-term low spenders
train,2129,3,New low spenders
train,2130,0,New high spenders
train,2131,0,New high spenders
train,2132,2,Long-term high spenders
train,2133,0,New high spenders
train,2134,1,Long-term low spenders
train,2135,2,Long-term high spenders
train,2136,1,Long-term low spenders
train,2137,0,New high spenders
train,2138,2,Long-term high spenders
train,2139,2,Long-term high spenders
train,2140,3,New low spenders
train,2141,3,New low spenders
train,2142,3,New low spenders
train,2143,0,New high spenders
train,2144,2,Long-term high spenders
train,2145,2,Long-term high spenders
train,2146,0,New high spenders
train,2147,2,Long-term high spenders
train,2148,0,New high spenders
train,2149,3,New low spenders
train,2150,2,Long-term high spenders
train,2151,0,New high spenders
train,2152,0,New high spenders
train,2153,1,Long-term low spenders
train,2154,2,Long-term high spenders
train,2155,0,New high spenders
train,2156,2,Long-term high spenders
train,2157,0,New high spenders
train,2158,0,New high spenders
train,2159,2,Long-term high spenders
train,2160,3,New low spenders
train,2161,2,Long-term high spenders
train,2162,3,New low spenders
train,2163,1,Long-term low spenders
train,2164,2,Long-term high spenders
train,2165,1,Long-term low spenders
train,2166,3,New low spenders
train,2167,3,New low spenders
train,2168,3,New low spenders
train,2169,2,Long-term high spenders
train,2170,0,New high spenders
train,2171,1,Long-term low spenders
train,2172,2,Long-term high spenders
train,2173,0,New high spenders
train,2174,2,Long-term high spenders
train,2175,0,New high spenders
train,2176,1,Long-term low spenders
train,2177,3,New low spenders
train,2178,3,New low spenders
train,2179,2,Long-term high spenders
train,2180,3,New low spenders
train,2181,2,Long-term high spenders
train,2182,3,New low spenders
train,2183,2,Long-term high spenders
train,2184,3,New low spenders
train,2185,0,New high spenders
train,2186,3,New low spenders
train,2187,3,New low spenders
train,2188,2,Long-term high spenders
train,2189,0,New high spenders
train,2190,2,Long-term high spenders
train,2191,0,New high spenders
train,2192,1,Long-term low spenders
train,2193,1,Long-term low spenders
train,2194,2,Long-term high spenders
train,2195,1,Long-term low spenders
train,2196,2,Long-term high spenders
train,2197,2,Long-term high spenders
train,2198,0,New high spenders
train,2199,0,New high spenders
train,2200,2,Long-term high spenders
train,2201,3,New low spenders
train,2202,0,New high spenders
train,2203,2,Long-term high spenders
train,2204,0,New high spenders
train,2205,0,New high spenders
train,2206,0,New high spenders
train,2207,1,Long-term low spenders
train,2208,0,New high spenders
train,2209,0,New high spenders
train,2210,1,Long-term low spenders
train,2211,0,New high spenders
train,2212,3,New low spenders
train,2213,3,New low spenders
train,2214,2,Long-term high spenders
train,2215,1,Long-term low spenders
train,2216,3,New low spenders
train,2217,0,New high spenders
train,2218,0,New high spenders
train,2219,2,Long-term high spenders
train,2220,1,Long-term low spenders
train,2221,1,Long-term low spenders
train,2222,0,New high spenders
train,2223,1,Long-term low spenders
train,2224,2,Long-term high spenders
train,2225,0,New high spenders
train,2226,0,New high spenders
train,2227,3,New low spenders
train,2228,0,New high spenders
train,2229,1,Long-term low spenders
train,2230,1,Long-term low spenders
train,2231,1,Long-term low spenders
train,2232,2,Long-term high spenders
train,2233,3,New low spenders
train,2234,0,New high spenders
train,2235,2,Long-term high spenders
train,2236,3,New low spenders
train,2237,0,New high spenders
train,2238,0,New high spenders
train,2239,2,Long-term high spenders
train,2240,3,New low spenders
train,2241,2,Long-term high spenders
train,2242,2,Long-term high spenders
train,2243,1,Long-term low spenders
train,2244,0,New high spenders
train,2245,1,Long-term low spenders
train,2246,1,Long-term low spenders
train,2247,0,New high spenders
train,2248,2,Long-term high spenders
train,2249,3,New low spenders
train,2250,2,Long-term high spenders
train,2251,3,New low spenders
train,2252,2,Long-term high spenders
train,2253,2,Long-term high spenders
train,2254,3,New low spenders
train,2255,3,New low spenders
train,2256,3,New low spenders
train,2257,2,Long-term high spenders
train,2258,0,New high spenders
train,2259,2,Long-term high spenders
train,2260,1,Long-term low spenders
train,2261,0,New high spenders
train,2262,2,Long-term high spenders
train,2263,1,Long-term low spenders
train,2264,2,Long-term high spenders
train,2265,1,Long-term low spenders
train,2266,2,Long-term high spenders
train,2267,1,Long-term low spenders
train,2268,3,New low spenders
train,2269,0,New high spenders
train,2270,2,Long-term high spenders
train,2271,0,New high spenders
train,2272,0,New high spenders
train,2273,1,Long-term low spenders
train,2274,0,New high spenders
train,2275,0,New high spenders
train,2276,0,New high spenders
train,2277,3,New low spenders
train,2278,0,New high spenders
train,2279,3,New low spenders
train,2280,2,Long-term high spenders
train,2281,0,New high spenders
train,2282,3,New low spenders
train,2283,2,Long-term high spenders
train,2284,2,Long-term high spenders
train,2285,3,New low spenders
train,2286,0,New high spenders
train,2287,2,Long-term high spenders
train,2288,0,New high spenders
train,2289,0,New high spenders
train,2290,0,New high spenders
train,2291,0,New high spenders
train,2292,3,New low spenders
train,2293,2,Long-term high spenders
train,2294,1,Long-term low spenders
train,2295,2,Long-term high spenders
train,2296,3,New low spenders
train,2297,0,New high spenders
train,2298,2,Long-term high spenders
train,2299,3,New low spenders
train,2300,3,New low spenders
train,2301,2,Long-term high spenders
train,2302,1,Long-term low spenders
train,2303,0,New high spenders
train,2304,3,New low spenders
train,2305,0,New high spenders
train,2306,0,New high spenders
train,2307,3,New low spenders
train,2308,3,New low spenders
train,2309,3,New low spenders
train,2310,3,New low spenders
train,2311,2,Long-term high spenders
train,2312,1,Long-term low spenders
train,2313,2,Long-term high spenders
train,2314,2,Long-term high spenders
train,2315,0,New high spenders
train,2316,1,Long-term low spenders
train,2317,0,New high spenders
train,2318,0,New high spenders
train,2319,2,Long-term high spenders
train,2320,0,New high spenders
train,2321,3,New low spenders
train,2322,2,Long-term high spenders
train,2323,2,Long-term high spenders
train,2324,2,Long-term high spenders
train,2325,3,New low spenders
train,2326,3,New low spenders
train,2327,2,Long-term high spenders
train,2328,0,New high spenders
train,2329,2,Long-term high spenders
train,2330,1,Long-term low spenders
train,2331,2,Long-term high spenders
train,2332,0,New high spenders
train,2333,2,Long-term high spenders
train,2334,2,Long-term high spenders
train,2335,2,Long-term high spenders
train,2336,1,Long-term low spenders
train,2337,0,New high spenders
train,2338,2,Long-term high spenders
train,2339,0,New high spenders
train,2340,2,Long-term high spenders
train,2341,2,Long-term high spenders
train,2342,1,Long-term low spenders
train,2343,0,New high spenders
train,2344,1,Long-term low spenders
train,2345,0,New high spenders
train,2346,2,Long-term high spenders
train,2347,1,Long-term low spenders
train,2348,2,Long-term high spenders
train,2349,1,Long-term low spenders
train,2350,3,New low spenders
train,2351,2,Long-term high spenders
train,2352,1,Long-term low spenders
train,2353,2,Long-term high spenders
train,2354,1,Long-term low spenders
train,2355,2,Long-term high spenders
train,2356,2,Long-term high spenders
train,2357,2,Long-term high spenders
train,2358,2,Long-term high spenders
train,2359,0,New high spenders
train,2360,1,Long-term low spenders
train,2361,3,New low spenders
train,2362,0,New high spenders
train,2363,3,New low spenders
train,2364,3,New low spenders
train,2365,2,Long-term high spenders
train,2366,3,New low spenders
train,2367,3,New low spenders
train,2368,0,New high spenders
train,2369,1,Long-term low spenders
train,2370,0,New high spenders
train,2371,3,New low spenders
train,2372,0,New high spenders
train,2373,0,New high spenders
train,2374,0,New high spenders
train,2375,0,New high spenders
train,2376,2,Long-term high spenders
train,2377,0,New high spenders
train,2378,0,New high spenders
train,2379,0,New high spenders
train,2380,2,Long-term high spenders
train,2381,2,Long-term high spenders
train,2382,0,New high spenders
train,2383,2,Long-term high spenders
train,2384,3,New low spenders
train,2385,1,Long-term low spenders
train,2386,0,New high spenders
train,2387,3,New low spenders
train,2388,0,New high spenders
train,2389,0,New high spenders
train,2390,3,New low spenders
train,2391,1,Long-term low spenders
train,2392,0,New high spenders
train,2393,1,Long-term low spenders
train,2394,1,Long-term low spenders
train,2395,0,New high spenders
train,2396,1,Long-term low spenders
train,2397,0,New high spenders
train,2398,3,New low spenders
train,2399,3,New low spenders
train,2400,0,New high spenders
train,2401,0,New high spenders
train,2402,0,New high spenders
train,2403,0,New high spenders
train,2404,3,New low spenders
train,2405,0,New high spenders
train,2406,1,Long-term low spenders
train,2407,0,New high spenders
train,2408,2,Long-term high spenders
train,2409,0,New high spenders
train,2410,0,New high spenders
train,2411,0,New high spenders
train,2412,1,Long-term low spenders
train,2413,0,New high spenders
train,2414,0,New high spenders
train,2415,3,New low spenders
train,2416,2,Long-term high spenders
train,2417,3,New low spenders
train,2418,0,New high spenders
train,2419,0,New high spenders
train,2420,0,New high spenders
train,2421,1,Long-term low spenders
train,2422,2,Long-term high spenders
train,2423,2,Long-term high spenders
train,2424,0,New high spenders
train,2425,0,New high spenders
train,2426,3,New low spenders
train,2427,0,New high spenders
train,2428,2,Long-term high spenders
train,2429,3,New low spenders
train,2430,2,Long-term high spenders
train,2431,3,New low spenders
train,2432,2,Long-term high spenders
train,2433,0,New high spenders
train,2434,3,New low spenders
train,2435,1,Long-term low spenders
train,2436,1,Long-term low spenders
train,2437,3,New low spenders
train,2438,2,Long-term high spenders
train,2439,3,New low spenders
train,2440,0,New high spenders
train,2441,3,New low spenders
train,2442,0,New high spenders
train,2443,1,Long-term low spenders
train,2444,3,New low spenders
train,2445,0,New high spenders
train,2446,0,New high spenders
train,2447,2,Long-term high spenders
train,2448,2,Long-term high spenders
train,2449,1,Long-term low spenders
train,2450,3,New low spenders
train,2451,1,Long-term low spenders
train,2452,3,New low spenders
train,2453,2,Long-term high spenders
train,2454,0,New high spenders
train,2455,3,New low spenders
train,2456,0,New high spenders
train,2457,2,Long-term high spenders
train,2458,1,Long-term low spenders
train,2459,2,Long-term high spenders
train,2460,0,New high spenders
train,2461,1,Long-term low spenders
train,2462,1,Long-term low spenders
train,2463,1,Long-term low spenders
train,2464,1,Long-term low spenders
train,2465,0,New high spenders
train,2466,0,New high spenders
train,2467,3,New low spenders
train,2468,3,New low spenders
train,2469,0,New high spenders
train,2470,0,New high spenders
train,2471,2,Long-term high spenders
train,2472,1,Long-term low spenders
train,2473,1,Long-term low spenders
train,2474,3,New low spenders
train,2475,2,Long-term high spenders
train,2476,3,New low spenders
train,2477,2,Long-term high spenders
train,2478,0,New high spenders
train,2479,1,Long-term low spenders
train,2480,2,Long-term high spenders
train,2481,0,New high spenders
train,2482,0,New high spenders
train,2483,0,New high spenders
train,2484,2,Long-term high spenders
train,2485,0,New high spenders
train,2486,2,Long-term high spenders
train,2487,1,Long-term low spenders
train,2488,1,Long-term low spenders
train,2489,0,New high spenders
train,2490,1,Long-term low spenders
train,2491,2,Long-term high spenders
train,2492,2,Long-term high spenders
train,2493,0,New high spenders
train,2494,0,New high spenders
train,2495,2,Long-term high spenders
train,2496,1,Long-term low spenders
train,2497,3,New low spenders
train,2498,0,New high spenders
train,2499,0,New high spenders
train,2500,2,Long-term high spenders
train,2501,0,New high spenders
train,2502,2,Long-term high spenders
train,2503,0,New high spenders
train,2504,0,New high spenders
train,2505,0,New high spenders
train,2506,3,New low spenders
train,2507,3,New low spenders
train,2508,3,New low spenders
train,2509,3,New low spenders
train,2510,3,New low spenders
train,2511,2,Long-term high spenders
train,2512,0,New high spenders
train,2513,3,New low spenders
train,2514,0,New high spenders
train,2515,1,Long-term low spenders
train,2516,0,New high spenders
train,2517,0,New high spenders
train,2518,3,New low spenders
train,2519,2,Long-term high spenders
train,2520,0,New high spenders
train,2521,1,Long-term low spenders
train,2522,0,New high spenders
train,2523,2,Long-term high spenders
train,2524,2,Long-term high spenders
train,2525,3,New low spenders
train,2526,3,New low spenders
train,2527,0,New high spenders
train,2528,2,Long-term high spenders
train,2529,0,New high spenders
train,2530,2,Long-term high spenders
train,2531,1,Long-term low spenders
train,2532,2,Long-term high spenders
train,2533,3,New low spenders
train,2534,2,Long-term high spenders
train,2535,1,Long-term low spenders
train,2536,2,Long-term high spenders
train,2537,0,New high spenders
train,2538,0,New high spenders
train,2539,2,Long-term high spenders
train,2540,0,New high spenders
train,2541,0,New high spenders
train,2542,2,Long-term high spenders
train,2543,3,New low spenders
train,2544,0,New high spenders
train,2545,0,New high spenders
train,2546,2,Long-term high spenders
train,2547,1,Long-term low spenders
train,2548,3,New low spenders
train,2549,3,New low spenders
train,2550,0,New high spenders
train,2551,2,Long-term high spenders
train,2552,2,Long-term high spenders
train,2553,2,Long-term high spenders
train,2554,1,Long-term low spenders
train,2555,2,Long-term high spenders
train,2556,3,New low spenders
train,2557,1,Long-term low spenders
train,2558,0,New high spenders
train,2559,2,Long-term high spenders
train,2560,2,Long-term high spenders
train,2561,1,Long-term low spenders
train,2562,3,New low spenders
train,2563,0,New high spenders
train,2564,0,New high spenders
train,2565,1,Long-term low spenders
train,2566,2,Long-term high spenders
train,2567,0,New high spenders
train,2568,2,Long-term high spenders
train,2569,2,Long-term high spenders
train,2570,1,Long-term low spenders
train,2571,0,New high spenders
train,2572,2,Long-term high spenders
train,2573,3,New low spenders
train,2574,3,New low spenders
train,2575,1,Long-term low spenders
train,2576,3,New low spenders
train,2577,3,New low spenders
train,2578,3,New low spenders
train,2579,3,New low spenders
train,2580,0,New high spenders
train,2581,0,New high spenders
train,2582,1,Long-term low spenders
train,2583,3,New low spenders
train,2584,0,New high spenders
train,2585,1,Long-term low spenders
train,2586,3,New low spenders
train,2587,3,New low spenders
train,2588,2,Long-term high spenders
train,2589,2,Long-term high spenders
train,2590,3,New low spenders
train,2591,3,New low spenders
train,2592,0,New high spenders
train,2593,2,Long-term high spenders
train,2594,0,New high spenders
train,2595,0,New high spenders
train,2596,2,Long-term high spenders
train,2597,1,Long-term low spenders
train,2598,0,New high spenders
train,2599,0,New high spenders
train,2600,3,New low spenders
train,2601,1,Long-term low spenders
train,2602,3,New low spenders
train,2603,0,New high spenders
train,2604,0,New high spenders
train,2605,1,Long-term low spenders
train,2606,3,New low spenders
train,2607,2,Long-term high spenders
train,2608,1,Long-term low spenders
train,2609,2,Long-term high spenders
train,2610,0,New high spenders
train,2611,0,New high spenders
train,2612,3,New low spenders
train,2613,1,Long-term low spenders
train,2614,0,New high spenders
train,2615,0,New high spenders
train,2616,3,New low spenders
train,2617,3,New low spenders
train,2618,1,Long-term low spenders
train,2619,2,Long-term high spenders
train,2620,2,Long-term high spenders
train,2621,3,New low spenders
train,2622,2,Long-term high spenders
train,2623,2,Long-term high spenders
train,2624,1,Long-term low spenders
train,2625,0,New high spenders
train,2626,0,New high spenders
train,2627,0,New high spenders
train,2628,0,New high spenders
train,2629,2,Long-term high spenders
train,2630,2,Long-term high spenders
train,2631,1,Long-term low spenders
train,2632,2,Long-term high spenders
train,2633,0,New high spenders
train,2634,3,New low spenders
train,2635,1,Long-term low spenders
train,2636,0,New high spenders
train,2637,0,New high spenders
train,2638,0,New high spenders
train,2639,2,Long-term high spenders
train,2640,3,New low spenders
train,2641,0,New high spenders
train,2642,0,New high spenders
train,2643,1,Long-term low spenders
train,2644,3,New low spenders
train,2645,3,New low spenders
train,2646,2,Long-term high spenders
train,2647,0,New high spenders
train,2648,2,Long-term high spenders
train,2649,3,New low spenders
train,2650,2,Long-term high spenders
train,2651,2,Long-term high spenders
train,2652,0,New high spenders
train,2653,3,New low spenders
train,2654,2,Long-term high spenders
train,2655,0,New high spenders
train,2656,2,Long-term high spenders
train,2657,0,New high spenders
train,2658,0,New high spenders
train,2659,0,New high spenders
train,2660,0,New high spenders
train,2661,2,Long-term high spenders
train,2662,3,New low spenders
train,2663,2,Long-term high spenders
train,2664,1,Long-term low spenders
train,2665,3,New low spenders
train,2666,1,Long-term low spenders
train,2667,3,New low spenders
train,2668,2,Long-term high spenders
train,2669,0,New high spenders
train,2670,0,New high spenders
train,2671,2,Long-term high spenders
train,2672,3,New low spenders
train,2673,2,Long-term high spenders
train,2674,3,New low spenders
train,2675,0,New high spenders
train,2676,0,New high spenders
train,2677,2,Long-term high spenders
train,2678,0,New high spenders
train,2679,3,New low spenders
train,2680,3,New low spenders
train,2681,3,New low spenders
train,2682,0,New high spenders
train,2683,1,Long-term low spenders
train,2684,1,Long-term low spenders
train,2685,2,Long-term high spenders
train,2686,1,Long-term low spenders
train,2687,2,Long-term high spenders
train,2688,0,New high spenders
train,2689,2,Long-term high spenders
train,2690,3,New low spenders
train,2691,0,New high spenders
train,2692,2,Long-term high spenders
train,2693,0,New high spenders
train,2694,3,New low spenders
train,2695,0,New high spenders
train,2696,2,Long-term high spenders
train,2697,0,New high spenders
train,2698,2,Long-term high spenders
train,2699,3,New low spenders
train,2700,2,Long-term high spenders
train,2701,3,New low spenders
train,2702,0,New high spenders
train,2703,0,New high spenders
train,2704,1,Long-term low spenders
train,2705,0,New high spenders
train,2706,0,New high spenders
train,2707,2,Long-term high spenders
train,2708,2,Long-term high spenders
train,2709,3,New low spenders
train,2710,1,Long-term low spenders
train,2711,0,New high spenders
train,2712,1,Long-term low spenders
train,2713,3,New low spenders
train,2714,0,New high spenders
train,2715,1,Long-term low spenders
train,2716,3,New low spenders
train,2717,2,Long-term high spenders
train,2718,0,New high spenders
train,2719,1,Long-term low spenders
train,2720,0,New high spenders
train,2721,1,Long-term low spenders
train,2722,1,Long-term low spenders
train,2723,3,New low spenders
train,2724,3,New low spenders
train,2725,1,Long-term low spenders
train,2726,3,New low spenders
train,2727,2,Long-term high spenders
train,2728,0,New high spenders
train,2729,2,Long-term high spenders
train,2730,0,New high spenders
train,2731,0,New high spenders
train,2732,3,New low spenders
train,2733,3,New low spenders
train,2734,0,New high spenders
train,2735,2,Long-term high spenders
train,2736,2,Long-term high spenders
train,2737,1,Long-term low spenders
train,2738,3,New low spenders
train,2739,0,New high spenders
train,2740,3,New low spenders
train,2741,3,New low spenders
train,2742,3,New low spenders
train,2743,0,New high spenders
train,2744,0,New high spenders
train,2745,3,New low spenders
train,2746,3,New low spenders
train,2747,0,New high spenders
train,2748,0,New high spenders
train,2749,2,Long-term high spenders
train,2750,3,New low spenders
train,2751,2,Long-term high spenders
train,2752,2,Long-term high spenders
train,2753,0,New high spenders
train,2754,2,Long-term high spenders
train,2755,2,Long-term high spenders
train,2756,0,New high spenders
train,2757,2,Long-term high spenders
train,2758,1,Long-term low spenders
train,2759,2,Long-term high spenders
train,2760,2,Long-term high spenders
train,2761,2,Long-term high spenders
train,2762,0,New high spenders
train,2763,3,New low spenders
train,2764,1,Long-term low spenders
train,2765,0,New high spenders
train,2766,0,New high spenders
train,2767,2,Long-term high spenders
train,2768,2,Long-term high spenders
train,2769,2,Long-term high spenders
train,2770,0,New high spenders
train,2771,1,Long-term low spenders
train,2772,2,Long-term high spenders
train,2773,1,Long-term low spenders
train,2774,1,Long-term low spenders
train,2775,3,New low spenders
train,2776,3,New low spenders
train,2777,3,New low spenders
train,2778,2,Long-term high spenders
train,2779,1,Long-term low spenders
train,2780,3,New low spenders
train,2781,3,New low spenders
train,2782,2,Long-term high spenders
train,2783,0,New high spenders
train,2784,2,Long-term high spenders
train,2785,1,Long-term low spenders
train,2786,1,Long-term low spenders
train,2787,0,New high spenders
train,2788,0,New high spenders
train,2789,0,New high spenders
train,2790,2,Long-term high spenders
train,2791,2,Long-term high spenders
train,2792,0,New high spenders
train,2793,3,New low spenders
train,2794,2,Long-term high spenders
train,2795,3,New low spenders
train,2796,1,Long-term low spenders
train,2797,0,New high spenders
train,2798,0,New high spenders
train,2799,3,New low spenders
train,2800,3,New low spenders
train,2801,3,New low spenders
train,2802,1,Long-term low spenders
train,2803,2,Long-term high spenders
train,2804,0,New high spenders
train,2805,2,Long-term high spenders
train,2806,0,New high spenders
train,2807,2,Long-term high spenders
train,2808,3,New low spenders
train,2809,1,Long-term low spenders
train,2810,0,New high spenders
train,2811,2,Long-term high spenders
train,2812,3,New low spenders
train,2813,0,New high spenders
train,2814,1,Long-term low spenders
train,2815,2,Long-term high spenders
train,2816,2,Long-term high spenders
train,2817,1,Long-term low spenders
train,2818,2,Long-term high spenders
train,2819,0,New high spenders
train,2820,0,New high spenders
train,2821,2,Long-term high spenders
train,2822,1,Long-term low spenders
train,2823,0,New high spenders
train,2824,3,New low spenders
train,2825,1,Long-term low spenders
train,2826,3,New low spenders
train,2827,0,New high spenders
train,2828,0,New high spenders
train,2829,2,Long-term high spenders
train,2830,2,Long-term high spenders
train,2831,3,New low spenders
train,2832,0,New high spenders
train,2833,0,New high spenders
train,2834,3,New low spenders
train,2835,0,New high spenders
train,2836,3,New low spenders
train,2837,0,New high spenders
train,2838,3,New low spenders
train,2839,2,Long-term high spenders
train,2840,0,New high spenders
train,2841,2,Long-term high spenders
train,2842,2,Long-term high spenders
train,2843,1,Long-term low spenders
train,2844,2,Long-term high spenders
train,2845,2,Long-term high spenders
train,2846,2,Long-term high spenders
train,2847,2,Long-term high spenders
train,2848,2,Long-term high spenders
train,2849,3,New low spenders
train,2850,2,Long-term high spenders
train,2851,0,New high spenders
train,2852,0,New high spenders
train,2853,2,Long-term high spenders
train,2854,0,New high spenders
train,2855,0,New high spenders
train,2856,3,New low spenders
train,2857,0,New high spenders
train,2858,0,New high spenders
train,2859,0,New high spenders
train,2860,2,Long-term high spenders
train,2861,0,New high spenders
train,2862,1,Long-term low spenders
train,2863,2,Long-term high spenders
train,2864,2,Long-term high spenders
train,2865,1,Long-term low spenders
train,2866,2,Long-term high spenders
train,2867,0,New high spenders
train,2868,1,Long-term low spenders
train,2869,0,New high spenders
train,2870,1,Long-term low spenders
train,2871,2,Long-term high spenders
train,2872,0,New high spenders
train,2873,0,New high spenders
train,2874,3,New low spenders
train,2875,2,Long-term high spenders
train,2876,3,New low spenders
train,2877,0,New high spenders
train,2878,0,New high spenders
train,2879,2,Long-term high spenders
train,2880,0,New high spenders
train,2881,3,New low spenders
train,2882,3,New low spenders
train,2883,3,New low spenders
train,2884,3,New low spenders
train,2885,1,Long-term low spenders
train,2886,1,Long-term low spenders
train,2887,0,New high spenders
train,2888,0,New high spenders
train,2889,0,New high spenders
train,2890,0,New high spenders
train,2891,3,New low spenders
train,2892,1,Long-term low spenders
train,2893,0,New high spenders
train,2894,3,New low spenders
train,2895,1,Long-term low spenders
train,2896,0,New high spenders
train,2897,3,New low spenders
train,2898,3,New low spenders
train,2899,2,Long-term high spenders
train,2900,3,New low spenders
train,2901,0,New high spenders
train,2902,3,New low spenders
train,2903,3,New low spenders
train,2904,3,New low spenders
train,2905,1,Long-term low spenders
train,2906,3,New low spenders
train,2907,2,Long-term high spenders
train,2908,0,New high spenders
train,2909,3,New low spenders
train,2910,2,Long-term high spenders
train,2911,3,New low spenders
train,2912,2,Long-term high spenders
train,2913,0,New high spenders
train,2914,0,New high spenders
train,2915,3,New low spenders
train,2916,2,Long-term high spenders
train,2917,0,New high spenders
train,2918,0,New high spenders
train,2919,2,Long-term high spenders
train,2920,3,New low spenders
train,2921,1,Long-term low spenders
train,2922,3,New low spenders
train,2923,0,New high spenders
train,2924,1,Long-term low spenders
train,2925,0,New high spenders
train,2926,0,New high spenders
train,2927,3,New low spenders
train,2928,2,Long-term high spenders
train,2929,2,Long-term high spenders
train,2930,0,New high spenders
train,2931,0,New high spenders
train,2932,2,Long-term high spenders
train,2933,3,New low spenders
train,2934,2,Long-term high spenders
train,2935,2,Long-term high spenders
train,2936,1,Long-term low spenders
train,2937,0,New high spenders
train,2938,2,Long-term high spenders
train,2939,0,New high spenders
train,2940,1,Long-term low spenders
train,2941,0,New high spenders
train,2942,3,New low spenders
train,2943,0,New high spenders
train,2944,0,New high spenders
train,2945,3,New low spenders
train,2946,3,New low spenders
train,2947,0,New high spenders
train,2948,0,New high spenders
train,2949,1,Long-term low spenders
train,2950,3,New low spenders
train,2951,2,Long-term high spenders
train,2952,2,Long-term high spenders
train,2953,3,New low spenders
train,2954,1,Long-term low spenders
train,2955,2,Long-term high spenders
train,2956,0,New high spenders
train,2957,0,New high spenders
train,2958,0,New high spenders
train,2959,0,New high spenders
train,2960,3,New low spenders
train,2961,1,Long-term low spenders
train,2962,2,Long-term high spenders
train,2963,0,New high spenders
train,2964,0,New high spenders
train,2965,0,New high spenders
train,2966,3,New low spenders
train,2967,0,New high spenders
train,2968,2,Long-term high spenders
train,2969,0,New high spenders
train,2970,0,New high spenders
train,2971,0,New high spenders
train,2972,2,Long-term high spenders
train,2973,2,Long-term high spenders
train,2974,3,New low spenders
train,2975,3,New low spenders
train,2976,2,Long-term high spenders
train,2977,0,New high spenders
train,2978,2,Long-term high spenders
train,2979,2,Long-term high spenders
train,2980,2,Long-term high spenders
train,2981,3,New low spenders
train,2982,3,New low spenders
train,2983,2,Long-term high spenders
train,2984,0,New high spenders
train,2985,0,New high spenders
train,2986,0,New high spenders
train,2987,2,Long-term high spenders
train,2988,2,Long-term high spenders
train,2989,3,New low spenders
train,2990,0,New high spenders
train,2991,0,New high spenders
train,2992,1,Long-term low spenders
train,2993,0,New high spenders
train,2994,2,Long-term high spenders
train,2995,1,Long-term low spenders
train,2996,0,New high spenders
train,2997,3,New low spenders
train,2998,3,New low spenders
train,2999,0,New high spenders
train,3000,2,Long-term high spenders
train,3001,3,New low spenders
train,3002,3,New low spenders
train,3003,2,Long-term high spenders
train,3004,3,New low spenders
train,3005,0,New high spenders
train,3006,0,New high spenders
train,3007,3,New low spenders
train,3008,3,New low spenders
train,3009,1,Long-term low spenders
train,3010,1,Long-term low spenders
train,3011,0,New high spenders
train,3012,1,Long-term low spenders
train,3013,1,Long-term low spenders
train,3014,1,Long-term low spenders
train,3015,2,Long-term high spenders
train,3016,3,New low spenders
train,3017,1,Long-term low spenders
train,3018,0,New high spenders
train,3019,2,Long-term high spenders
train,3020,2,Long-term high spenders
train,3021,3,New low spenders
train,3022,2,Long-term high spenders
train,3023,0,New high spenders
train,3024,2,Long-term high spenders
train,3025,3,New low spenders
train,3026,3,New low spenders
train,3027,2,Long-term high spenders
train,3028,3,New low spenders
train,3029,0,New high spenders
train,3030,1,Long-term low spenders
train,3031,2,Long-term high spenders
train,3032,1,Long-term low spenders
train,3033,2,Long-term high spenders
train,3034,0,New high spenders
train,3035,1,Long-term low spenders
train,3036,3,New low spenders
train,3037,1,Long-term low spenders
train,3038,2,Long-term high spenders
train,3039,3,New low spenders
train,3040,0,New high spenders
train,3041,0,New high spenders
train,3042,2,Long-term high spenders
train,3043,3,New low spenders
train,3044,3,New low spenders
train,3045,1,Long-term low spenders
train,3046,3,New low spenders
train,3047,3,New low spenders
train,3048,2,Long-term high spenders
train,3049,0,New high spenders
train,3050,2,Long-term high spenders
train,3051,0,New high spenders
train,3052,0,New high spenders
train,3053,2,Long-term high spenders
train,3054,3,New low spenders
train,3055,3,New low spenders
train,3056,1,Long-term low spenders
train,3057,0,New high spenders
train,3058,0,New high spenders
train,3059,3,New low spenders
train,3060,0,New high spenders
train,3061,0,New high spenders
train,3062,0,New high spenders
train,3063,3,New low spenders
train,3064,3,New low spenders
train,3065,2,Long-term high spenders
train,3066,2,Long-term high spenders
train,3067,2,Long-term high spenders
train,3068,0,New high spenders
train,3069,0,New high spenders
train,3070,0,New high spenders
train,3071,1,Long-term low spenders
train,3072,2,Long-term high spenders
train,3073,0,New high spenders
train,3074,2,Long-term high spenders
train,3075,0,New high spenders
train,3076,2,Long-term high spenders
train,3077,0,New high spenders
train,3078,2,Long-term high spenders
train,3079,2,Long-term high spenders
train,3080,3,New low spenders
train,3081,1,Long-term low spenders
train,3082,0,New high spenders
train,3083,2,Long-term high spenders
train,3084,3,New low spenders
train,3085,3,New low spenders
train,3086,1,Long-term low spenders
train,3087,0,New high spenders
train,3088,1,Long-term low spenders
train,3089,2,Long-term high spenders
train,3090,3,New low spenders
train,3091,2,Long-term high spenders
train,3092,1,Long-term low spenders
train,3093,2,Long-term high spenders
train,3094,1,Long-term low spenders
train,3095,2,Long-term high spenders
train,3096,2,Long-term high spenders
train,3097,2,Long-term high spenders
train,3098,0,New high spenders
train,3099,2,Long-term high spenders
train,3100,2,Long-term high spenders
train,3101,2,Long-term high spenders
train,3102,0,New high spenders
train,3103,3,New low spenders
train,3104,3,New low spenders
train,3105,2,Long-term high spenders
train,3106,1,Long-term low spenders
train,3107,0,New high spenders
train,3108,0,New high spenders
train,3109,2,Long-term high spenders
train,3110,1,Long-term low spenders
train,3111,0,New high spenders
train,3112,0,New high spenders
train,3113,2,Long-term high spenders
train,3114,0,New high spenders
train,3115,0,New high spenders
train,3116,0,New high spenders
train,3117,0,New high spenders
train,3118,0,New high spenders
train,3119,2,Long-term high spenders
train,3120,2,Long-term high spenders
train,3121,1,Long-term low spenders
train,3122,3,New low spenders
train,3123,1,Long-term low spenders
train,3124,3,New low spenders
train,3125,3,New low spenders
train,3126,0,New high spenders
train,3127,3,New low spenders
train,3128,0,New high spenders
train,3129,2,Long-term high spenders
train,3130,1,Long-term low spenders
train,3131,1,Long-term low spenders
train,3132,0,New high spenders
train,3133,3,New low spenders
train,3134,2,Long-term high spenders
train,3135,0,New high spenders
train,3136,1,Long-term low spenders
train,3137,3,New low spenders
train,3138,0,New high spenders
train,3139,3,New low spenders
train,3140,2,Long-term high spenders
train,3141,3,New low spenders
train,3142,3,New low spenders
train,3143,0,New high spenders
train,3144,1,Long-term low spenders
train,3145,3,New low spenders
train,3146,3,New low spenders
train,3147,3,New low spenders
train,3148,0,New high spenders
train,3149,0,New high spenders
train,3150,1,Long-term low spenders
train,3151,1,Long-term low spenders
train,3152,3,New low spenders
train,3153,0,New high spenders
train,3154,0,New high spenders
train,3155,0,New high spenders
train,3156,3,New low spenders
train,3157,0,New high spenders
train,3158,1,Long-term low spenders
train,3159,1,Long-term low spenders
train,3160,0,New high spenders
train,3161,3,New low spenders
train,3162,2,Long-term high spenders
train,3163,1,Long-term low spenders
train,3164,0,New high spenders
train,3165,0,New high spenders
train,3166,1,Long-term low spenders
train,3167,0,New high spenders
train,3168,2,Long-term high spenders
train,3169,3,New low spenders
train,3170,1,Long-term low spenders
train,3171,1,Long-term low spenders
train,3172,1,Long-term low spenders
train,3173,1,Long-term low spenders
train,3174,1,Long-term low spenders
train,3175,2,Long-term high spenders
train,3176,1,Long-term low spenders
train,3177,0,New high spenders
train,3178,3,New low spenders
train,3179,0,New high spenders
train,3180,3,New low spenders
train,3181,2,Long-term high spenders
train,3182,1,Long-term low spenders
train,3183,2,Long-term high spenders
train,3184,3,New low spenders
train,3185,0,New high spenders
train,3186,2,Long-term high spenders
train,3187,1,Long-term low spenders
train,3188,0,New high spenders
train,3189,2,Long-term high spenders
train,3190,1,Long-term low spenders
train,3191,0,New high spenders
train,3192,2,Long-term high spenders
train,3193,0,New high spenders
train,3194,0,New high spenders
train,3195,0,New high spenders
train,3196,0,New high spenders
train,3197,2,Long-term high spenders
train,3198,3,New low spenders
train,3199,2,Long-term high spenders
train,3200,2,Long-term high spenders
train,3201,0,New high spenders
train,3202,0,New high spenders
train,3203,0,New high spenders
train,3204,3,New low spenders
train,3205,3,New low spenders
train,3206,0,New high spenders
train,3207,2,Long-term high spenders
train,3208,3,New low spenders
train,3209,1,Long-term low spenders
train,3210,0,New high spenders
train,3211,2,Long-term high spenders
train,3212,2,Long-term high spenders
train,3213,2,Long-term high spenders
train,3214,0,New high spenders
train,3215,0,New high spenders
train,3216,0,New high spenders
train,3217,1,Long-term low spenders
train,3218,0,New high spenders
train,3219,2,Long-term high spenders
train,3220,0,New high spenders
train,3221,3,New low spenders
train,3222,3,New low spenders
train,3223,2,Long-term high spenders
train,3224,0,New high spenders
train,3225,3,New low spenders
train,3226,2,Long-term high spenders
train,3227,3,New low spenders
train,3228,3,New low spenders
train,3229,1,Long-term low spenders
train,3230,0,New high spenders
train,3231,2,Long-term high spenders
train,3232,3,New low spenders
train,3233,3,New low spenders
train,3234,3,New low spenders
train,3235,0,New high spenders
train,3236,3,New low spenders
train,3237,0,New high spenders
train,3238,3,New low spenders
train,3239,3,New low spenders
train,3240,1,Long-term low spenders
train,3241,0,New high spenders
train,3242,0,New high spenders
train,3243,2,Long-term high spenders
train,3244,0,New high spenders
train,3245,2,Long-term high spenders
train,3246,3,New low spenders
train,3247,1,Long-term low spenders
train,3248,1,Long-term low spenders
train,3249,3,New low spenders
train,3250,2,Long-term high spenders
train,3251,0,New high spenders
train,3252,2,Long-term high spenders
train,3253,3,New low spenders
train,3254,2,Long-term high spenders
train,3255,3,New low spenders
train,3256,3,New low spenders
train,3257,3,New low spenders
train,3258,2,Long-term high spenders
train,3259,0,New high spenders
train,3260,3,New low spenders
train,3261,3,New low spenders
train,3262,1,Long-term low spenders
train,3263,1,Long-term low spenders
train,3264,2,Long-term high spenders
train,3265,0,New high spenders
train,3266,0,New high spenders
train,3267,3,New low spenders
train,3268,0,New high spenders
train,3269,1,Long-term low spenders
train,3270,0,New high spenders
train,3271,2,Long-term high spenders
train,3272,0,New high spenders
train,3273,2,Long-term high spenders
train,3274,2,Long-term high spenders
train,3275,0,New high spenders
train,3276,0,New high spenders
train,3277,3,New low spenders
train,3278,3,New low spenders
train,3279,2,Long-term high spenders
train,3280,0,New high spenders
train,3281,2,Long-term high spenders
train,3282,0,New high spenders
train,3283,2,Long-term high spenders
train,3284,0,New high spenders
train,3285,2,Long-term high spenders
train,3286,3,New low spenders
train,3287,3,New low spenders
train,3288,0,New high spenders
train,3289,3,New low spenders
train,3290,0,New high spenders
train,3291,2,Long-term high spenders
train,3292,1,Long-term low spenders
train,3293,0,New high spenders
train,3294,1,Long-term low spenders
train,3295,3,New low spenders
train,3296,2,Long-term high spenders
train,3297,3,New low spenders
train,3298,0,New high spenders
train,3299,1,Long-term low spenders
train,3300,0,New high spenders
train,3301,0,New high spenders
train,3302,0,New high spenders
train,3303,2,Long-term high spenders
train,3304,3,New low spenders
train,3305,0,New high spenders
train,3306,2,Long-term high spenders
train,3307,0,New high spenders
train,3308,0,New high spenders
train,3309,3,New low spenders
train,3310,3,New low spenders
train,3311,2,Long-term high spenders
train,3312,3,New low spenders
train,3313,3,New low spenders
train,3314,3,New low spenders
train,3315,3,New low spenders
train,3316,1,Long-term low spenders
train,3317,3,New low spenders
train,3318,0,New high spenders
train,3319,3,New low spenders
train,3320,0,New high spenders
train,3321,2,Long-term high spenders
train,3322,2,Long-term high spenders
train,3323,0,New high spenders
train,3324,2,Long-term high spenders
train,3325,2,Long-term high spenders
train,3326,2,Long-term high spenders
train,3327,2,Long-term high spenders
train,3328,0,New high spenders
train,3329,2,Long-term high spenders
train,3330,1,Long-term low spenders
train,3331,0,New high spenders
train,3332,1,Long-term low spenders
train,3333,3,New low spenders
train,3334,1,Long-term low spenders
train,3335,3,New low spenders
train,3336,2,Long-term high spenders
train,3337,0,New high spenders
train,3338,0,New high spenders
train,3339,0,New high spenders
train,3340,2,Long-term high spenders
train,3341,0,New high spenders
train,3342,1,Long-term low spenders
train,3343,0,New high spenders
train,3344,1,Long-term low spenders
train,3345,0,New high spenders
train,3346,2,Long-term high spenders
train,3347,0,New high spenders
train,3348,2,Long-term high spenders
train,3349,3,New low spenders
train,3350,1,Long-term low spenders
train,3351,0,New high spenders
train,3352,3,New low spenders
train,3353,2,Long-term high spenders
train,3354,3,New low spenders
train,3355,0,New high spenders
train,3356,3,New low spenders
train,3357,1,Long-term low spenders
train,3358,2,Long-term high spenders
train,3359,3,New low spenders
train,3360,1,Long-term low spenders
train,3361,0,New high spenders
train,3362,0,New high spenders
train,3363,0,New high spenders
train,3364,0,New high spenders
train,3365,1,Long-term low spenders
train,3366,3,New low spenders
train,3367,0,New high spenders
train,3368,0,New high spenders
train,3369,3,New low spenders
train,3370,3,New low spenders
train,3371,0,New high spenders
train,3372,3,New low spenders
train,3373,2,Long-term high spenders
train,3374,2,Long-term high spenders
train,3375,0,New high spenders
train,3376,1,Long-term low spenders
train,3377,3,New low spenders
train,3378,3,New low spenders
train,3379,1,Long-term low spenders
train,3380,0,New high spenders
train,3381,2,Long-term high spenders
train,3382,0,New high spenders
train,3383,2,Long-term high spenders
train,3384,1,Long-term low spenders
train,3385,2,Long-term high spenders
train,3386,2,Long-term high spenders
train,3387,2,Long-term high spenders
train,3388,0,New high spenders
train,3389,2,Long-term high spenders
train,3390,1,Long-term low spenders
train,3391,0,New high spenders
train,3392,1,Long-term low spenders
train,3393,2,Long-term high spenders
train,3394,1,Long-term low spenders
train,3395,0,New high spenders
train,3396,2,Long-term high spenders
train,3397,2,Long-term high spenders
train,3398,0,New high spenders
train,3399,1,Long-term low spenders
train,3400,2,Long-term high spenders
train,3401,0,New high spenders
train,3402,3,New low spenders
train,3403,2,Long-term high spenders
train,3404,0,New high spenders
train,3405,1,Long-term low spenders
train,3406,2,Long-term high spenders
train,3407,1,Long-term low spenders
train,3408,2,Long-term high spenders
train,3409,0,New high spenders
train,3410,0,New high spenders
train,3411,3,New low spenders
train,3412,3,New low spenders
train,3413,0,New high spenders
train,3414,3,New low spenders
train,3415,2,Long-term high spenders
train,3416,0,New high spenders
train,3417,1,Long-term low spenders
train,3418,1,Long-term low spenders
train,3419,2,Long-term high spenders
train,3420,0,New high spenders
train,3421,0,New high spenders
train,3422,2,Long-term high spenders
train,3423,0,New high spenders
train,3424,1,Long-term low spenders
train,3425,2,Long-term high spenders
train,3426,1,Long-term low spenders
train,3427,2,Long-term high spenders
train,3428,2,Long-term high spenders
train,3429,2,Long-term high spenders
train,3430,3,New low spenders
train,3431,1,Long-term low spenders
train,3432,1,Long-term low spenders
train,3433,3,New low spenders
train,3434,3,New low spenders
train,3435,3,New low spenders
train,3436,3,New low spenders
train,3437,2,Long-term high spenders
train,3438,1,Long-term low spenders
train,3439,0,New high spenders
train,3440,0,New high spenders
train,3441,3,New low spenders
train,3442,1,Long-term low spenders
train,3443,2,Long-term high spenders
train,3444,0,New high spenders
train,3445,0,New high spenders
train,3446,0,New high spenders
train,3447,0,New high spenders
train,3448,2,Long-term high spenders
train,3449,1,Long-term low spenders
train,3450,3,New low spenders
train,3451,3,New low spenders
train,3452,0,New high spenders
train,3453,0,New high spenders
train,3454,0,New high spenders
train,3455,0,New high spenders
train,3456,2,Long-term high spenders
train,3457,2,Long-term high spenders
train,3458,1,Long-term low spenders
train,3459,0,New high spenders
train,3460,0,New high spenders
train,3461,1,Long-term low spenders
train,3462,0,New high spenders
train,3463,0,New high spenders
train,3464,3,New low spenders
train,3465,2,Long-term high spenders
train,3466,3,New low spenders
train,3467,2,Long-term high spenders
train,3468,1,Long-term low spenders
train,3469,2,Long-term high spenders
train,3470,0,New high spenders
train,3471,2,Long-term high spenders
train,3472,0,New high spenders
train,3473,2,Long-term high spenders
train,3474,3,New low spenders
train,3475,2,Long-term high spenders
train,3476,3,New low spenders
train,3477,2,Long-term high spenders
train,3478,3,New low spenders
train,3479,2,Long-term high spenders
train,3480,3,New low spenders
train,3481,0,New high spenders
train,3482,3,New low spenders
train,3483,2,Long-term high spenders
train,3484,0,New high spenders
train,3485,0,New high spenders
train,3486,0,New high spenders
train,3487,0,New high spenders
train,3488,0,New high spenders
train,3489,0,New high spenders
train,3490,1,Long-term low spenders
train,3491,3,New low spenders
train,3492,3,New low spenders
train,3493,3,New low spenders
train,3494,2,Long-term high spenders
train,3495,2,Long-term high spenders
train,3496,0,New high spenders
train,3497,0,New high spenders
train,3498,3,New low spenders
train,3499,1,Long-term low spenders
train,3500,0,New high spenders
train,3501,3,New low spenders
train,3502,2,Long-term high spenders
train,3503,0,New high spenders
train,3504,1,Long-term low spenders
train,3505,3,New low spenders
train,3506,2,Long-term high spenders
train,3507,3,New low spenders
train,3508,1,Long-term low spenders
train,3509,1,Long-term low spenders
train,3510,2,Long-term high spenders
train,3511,0,New high spenders
train,3512,3,New low spenders
train,3513,3,New low spenders
train,3514,3,New low spenders
train,3515,3,New low spenders
train,3516,0,New high spenders
train,3517,0,New high spenders
train,3518,2,Long-term high spenders
train,3519,0,New high spenders
train,3520,1,Long-term low spenders
train,3521,2,Long-term high spenders
train,3522,3,New low spenders
train,3523,3,New low spenders
train,3524,3,New low spenders
train,3525,3,New low spenders
train,3526,2,Long-term high spenders
train,3527,3,New low spenders
train,3528,3,New low spenders
train,3529,0,New high spenders
train,3530,0,New high spenders
train,3531,2,Long-term high spenders
train,3532,2,Long-term high spenders
train,3533,0,New high spenders
train,3534,0,New high spenders
train,3535,1,Long-term low spenders
train,3536,2,Long-term high spenders
train,3537,1,Long-term low spenders
train,3538,0,New high spenders
train,3539,2,Long-term high spenders
train,3540,1,Long-term low spenders
train,3541,3,New low spenders
train,3542,3,New low spenders
train,3543,0,New high spenders
train,3544,0,New high spenders
train,3545,0,New high spenders
train,3546,3,New low spenders
train,3547,0,New high spenders
train,3548,1,Long-term low spenders
train,3549,2,Long-term high spenders
train,3550,2,Long-term high spenders
train,3551,3,New low spenders
train,3552,3,New low spenders
train,3553,2,Long-term high spenders
train,3554,2,Long-term high spenders
train,3555,1,Long-term low spenders
train,3556,2,Long-term high spenders
train,3557,1,Long-term low spenders
train,3558,3,New low spenders
train,3559,3,New low spenders
train,3560,1,Long-term low spenders
train,3561,1,Long-term low spenders
train,3562,2,Long-term high spenders
train,3563,3,New low spenders
train,3564,0,New high spenders
train,3565,0,New high spenders
train,3566,0,New high spenders
train,3567,2,Long-term high spenders
train,3568,0,New high spenders
train,3569,2,Long-term high spenders
train,3570,3,New low spenders
train,3571,3,New low spenders
train,3572,0,New high spenders
train,3573,0,New high spenders
train,3574,3,New low spenders
train,3575,3,New low spenders
train,3576,3,New low spenders
train,3577,1,Long-term low spenders
train,3578,3,New low spenders
train,3579,2,Long-term high spenders
train,3580,3,New low spenders
train,3581,2,Long-term high spenders
train,3582,0,New high spenders
train,3583,3,New low spenders
train,3584,2,Long-term high spenders
train,3585,1,Long-term low spenders
train,3586,1,Long-term low spenders
train,3587,2,Long-term high spenders
train,3588,3,New low spenders
train,3589,1,Long-term low spenders
train,3590,3,New low spenders
train,3591,1,Long-term low spenders
train,3592,2,Long-term high spenders
train,3593,2,Long-term high spenders
train,3594,0,New high spenders
train,3595,0,New high spenders
train,3596,0,New high spenders
train,3597,0,New high spenders
train,3598,1,Long-term low spenders
train,3599,2,Long-term high spenders
train,3600,3,New low spenders
train,3601,3,New low spenders
train,3602,0,New high spenders
train,3603,3,New low spenders
train,3604,3,New low spenders
train,3605,1,Long-term low spenders
train,3606,0,New high spenders
train,3607,0,New high spenders
train,3608,0,New high spenders
train,3609,3,New low spenders
train,3610,2,Long-term high spenders
train,3611,1,Long-term low spenders
train,3612,0,New high spenders
train,3613,0,New high spenders
train,3614,1,Long-term low spenders
train,3615,1,Long-term low spenders
train,3616,0,New high spenders
train,3617,0,New high spenders
train,3618,1,Long-term low spenders
train,3619,2,Long-term high spenders
train,3620,0,New high spenders
train,3621,0,New high spenders
train,3622,0,New high spenders
train,3623,0,New high spenders
train,3624,2,Long-term high spenders
train,3625,2,Long-term high spenders
train,3626,3,New low spenders
train,3627,0,New high spenders
train,3628,0,New high spenders
train,3629,3,New low spenders
train,3630,3,New low spenders
train,3631,0,New high spenders
train,3632,0,New high spenders
train,3633,2,Long-term high spenders
train,3634,1,Long-term low spenders
train,3635,0,New high spenders
train,3636,0,New high spenders
train,3637,3,New low spenders
train,3638,0,New high spenders
train,3639,2,Long-term high spenders
train,3640,2,Long-term high spenders
train,3641,1,Long-term low spenders
train,3642,3,New low spenders
train,3643,3,New low spenders
train,3644,3,New low spenders
train,3645,0,New high spenders
train,3646,0,New high spenders
train,3647,0,New high spenders
train,3648,2,Long-term high spenders
train,3649,0,New high spenders
train,3650,3,New low spenders
train,3651,1,Long-term low spenders
train,3652,2,Long-term high spenders
train,3653,1,Long-term low spenders
train,3654,2,Long-term high spenders
train,3655,0,New high spenders
train,3656,0,New high spenders
train,3657,2,Long-term high spenders
train,3658,1,Long-term low spenders
train,3659,1,Long-term low spenders
train,3660,0,New high spenders
train,3661,3,New low spenders
train,3662,3,New low spenders
train,3663,0,New high spenders
train,3664,1,Long-term low spenders
train,3665,0,New high spenders
train,3666,2,Long-term high spenders
train,3667,0,New high spenders
train,3668,2,Long-term high spenders
train,3669,3,New low spenders
train,3670,3,New low spenders
train,3671,0,New high spenders
train,3672,0,New high spenders
train,3673,2,Long-term high spenders
train,3674,2,Long-term high spenders
train,3675,2,Long-term high spenders
train,3676,2,Long-term high spenders
train,3677,2,Long-term high spenders
train,3678,2,Long-term high spenders
train,3679,1,Long-term low spenders
train,3680,1,Long-term low spenders
train,3681,3,New low spenders
train,3682,1,Long-term low spenders
train,3683,2,Long-term high spenders
train,3684,0,New high spenders
train,3685,0,New high spenders
train,3686,2,Long-term high spenders
train,3687,2,Long-term high spenders
train,3688,3,New low spenders
train,3689,0,New high spenders
train,3690,2,Long-term high spenders
train,3691,3,New low spenders
train,3692,1,Long-term low spenders
train,3693,0,New high spenders
train,3694,1,Long-term low spenders
train,3695,2,Long-term high spenders
train,3696,1,Long-term low spenders
train,3697,3,New low spenders
train,3698,2,Long-term high spenders
train,3699,2,Long-term high spenders
train,3700,1,Long-term low spenders
train,3701,2,Long-term high spenders
train,3702,3,New low spenders
train,3703,3,New low spenders
train,3704,0,New high spenders
train,3705,1,Long-term low spenders
train,3706,3,New low spenders
train,3707,3,New low spenders
train,3708,2,Long-term high spenders
train,3709,3,New low spenders
train,3710,1,Long-term low spenders
train,3711,0,New high spenders
train,3712,0,New high spenders
train,3713,1,Long-term low spenders
train,3714,2,Long-term high spenders
train,3715,2,Long-term high spenders
train,3716,2,Long-term high spenders
train,3717,0,New high spenders
train,3718,3,New low spenders
train,3719,0,New high spenders
train,3720,0,New high spenders
train,3721,0,New high spenders
train,3722,3,New low spenders
train,3723,3,New low spenders
train,3724,3,New low spenders
train,3725,1,Long-term low spenders
train,3726,2,Long-term high spenders
train,3727,2,Long-term high spenders
train,3728,0,New high spenders
train,3729,2,Long-term high spenders
train,3730,0,New high spenders
train,3731,2,Long-term high spenders
train,3732,3,New low spenders
train,3733,0,New high spenders
train,3734,1,Long-term low spenders
train,3735,3,New low spenders
train,3736,1,Long-term low spenders
train,3737,0,New high spenders
train,3738,0,New high spenders
train,3739,0,New high spenders
train,3740,2,Long-term high spenders
train,3741,3,New low spenders
train,3742,0,New high spenders
train,3743,3,New low spenders
train,3744,2,Long-term high spenders
train,3745,3,New low spenders
train,3746,2,Long-term high spenders
train,3747,0,New high spenders
train,3748,0,New high spenders
train,3749,2,Long-term high spenders
train,3750,2,Long-term high spenders
train,3751,0,New high spenders
train,3752,3,New low spenders
train,3753,2,Long-term high spenders
train,3754,0,New high spenders
train,3755,0,New high spenders
train,3756,1,Long-term low spenders
train,3757,1,Long-term low spenders
train,3758,2,Long-term high spenders
train,3759,0,New high spenders
train,3760,2,Long-term high spenders
train,3761,3,New low spenders
train,3762,2,Long-term high spenders
train,3763,2,Long-term high spenders
train,3764,0,New high spenders
train,3765,0,New high spenders
train,3766,2,Long-term high spenders
train,3767,0,New high spenders
train,3768,1,Long-term low spenders
train,3769,0,New high spenders
train,3770,1,Long-term low spenders
train,3771,0,New high spenders
train,3772,2,Long-term high spenders
train,3773,2,Long-term high spenders
train,3774,1,Long-term low spenders
train,3775,3,New low spenders
train,3776,1,Long-term low spenders
train,3777,3,New low spenders
train,3778,3,New low spenders
train,3779,2,Long-term high spenders
train,3780,1,Long-term low spenders
train,3781,0,New high spenders
train,3782,3,New low spenders
train,3783,2,Long-term high spenders
train,3784,3,New low spenders
train,3785,0,New high spenders
train,3786,2,Long-term high spenders
train,3787,3,New low spenders
train,3788,1,Long-term low spenders
train,3789,0,New high spenders
train,3790,2,Long-term high spenders
train,3791,3,New low spenders
train,3792,2,Long-term high spenders
train,3793,3,New low spenders
train,3794,3,New low spenders
train,3795,2,Long-term high spenders
train,3796,1,Long-term low spenders
train,3797,1,Long-term low spenders
train,3798,2,Long-term high spenders
train,3799,2,Long-term high spenders
train,3800,3,New low spenders
train,3801,2,Long-term high spenders
train,3802,3,New low spenders
train,3803,1,Long-term low spenders
train,3804,1,Long-term low spenders
train,3805,2,Long-term high spenders
train,3806,1,Long-term low spenders
train,3807,0,New high spenders
train,3808,3,New low spenders
train,3809,0,New high spenders
train,3810,2,Long-term high spenders
train,3811,2,Long-term high spenders
train,3812,0,New high spenders
train,3813,2,Long-term high spenders
train,3814,0,New high spenders
train,3815,2,Long-term high spenders
train,3816,3,New low spenders
train,3817,1,Long-term low spenders
train,3818,3,New low spenders
train,3819,0,New high spenders
train,3820,1,Long-term low spenders
train,3821,3,New low spenders
train,3822,1,Long-term low spenders
train,3823,3,New low spenders
train,3824,1,Long-term low spenders
train,3825,3,New low spenders
train,3826,2,Long-term high spenders
train,3827,0,New high spenders
train,3828,2,Long-term high spenders
train,3829,2,Long-term high spenders
train,3830,1,Long-term low spenders
train,3831,2,Long-term high spenders
train,3832,2,Long-term high spenders
train,3833,1,Long-term low spenders
train,3834,0,New high spenders
train,3835,0,New high spenders
train,3836,0,New high spenders
train,3837,2,Long-term high spenders
train,3838,0,New high spenders
train,3839,0,New high spenders
train,3840,0,New high spenders
train,3841,2,Long-term high spenders
train,3842,1,Long-term low spenders
train,3843,2,Long-term high spenders
train,3844,2,Long-term high spenders
train,3845,1,Long-term low spenders
train,3846,2,Long-term high spenders
train,3847,2,Long-term high spenders
train,3848,2,Long-term high spenders
train,3849,0,New high spenders
train,3850,1,Long-term low spenders
train,3851,0,New high spenders
train,3852,3,New low spenders
train,3853,3,New low spenders
train,3854,2,Long-term high spenders
train,3855,0,New high spenders
train,3856,2,Long-term high spenders
train,3857,1,Long-term low spenders
train,3858,0,New high spenders
train,3859,3,New low spenders
train,3860,1,Long-term low spenders
train,3861,0,New high spenders
train,3862,2,Long-term high spenders
train,3863,1,Long-term low spenders
train,3864,0,New high spenders
train,3865,2,Long-term high spenders
train,3866,1,Long-term low spenders
train,3867,1,Long-term low spenders
train,3868,1,Long-term low spenders
train,3869,3,New low spenders
train,3870,1,Long-term low spenders
train,3871,2,Long-term high spenders
train,3872,2,Long-term high spenders
train,3873,3,New low spenders
train,3874,2,Long-term high spenders
train,3875,0,New high spenders
train,3876,3,New low spenders
train,3877,0,New high spenders
train,3878,2,Long-term high spenders
train,3879,0,New high spenders
train,3880,0,New high spenders
train,3881,3,New low spenders
train,3882,0,New high spenders
train,3883,1,Long-term low spenders
train,3884,2,Long-term high spenders
train,3885,0,New high spenders
train,3886,0,New high spenders
train,3887,1,Long-term low spenders
train,3888,2,Long-term high spenders
train,3889,0,New high spenders
train,3890,1,Long-term low spenders
train,3891,3,New low spenders
train,3892,0,New high spenders
train,3893,1,Long-term low spenders
train,3894,3,New low spenders
train,3895,0,New high spenders
train,3896,3,New low spenders
train,3897,2,Long-term high spenders
train,3898,2,Long-term high spenders
train,3899,3,New low spenders
train,3900,0,New high spenders
train,3901,1,Long-term low spenders
train,3902,3,New low spenders
train,3903,2,Long-term high spenders
train,3904,1,Long-term low spenders
train,3905,1,Long-term low spenders
train,3906,1,Long-term low spenders
train,3907,0,New high spenders
train,3908,2,Long-term high spenders
train,3909,1,Long-term low spenders
train,3910,2,Long-term high spenders
train,3911,2,Long-term high spenders
train,3912,3,New low spenders
train,3913,0,New high spenders
train,3914,3,New low spenders
train,3915,0,New high spenders
train,3916,0,New high spenders
train,3917,3,New low spenders
train,3918,1,Long-term low spenders
train,3919,1,Long-term low spenders
train,3920,2,Long-term high spenders
train,3921,2,Long-term high spenders
train,3922,3,New low spenders
train,3923,2,Long-term high spenders
train,3924,1,Long-term low spenders
train,3925,2,Long-term high spenders
train,3926,3,New low spenders
train,3927,2,Long-term high spenders
train,3928,3,New low spenders
train,3929,3,New low spenders
train,3930,2,Long-term high spenders
train,3931,1,Long-term low spenders
train,3932,0,New high spenders
train,3933,3,New low spenders
train,3934,2,Long-term high spenders
train,3935,3,New low spenders
train,3936,2,Long-term high spenders
train,3937,0,New high spenders
train,3938,3,New low spenders
train,3939,0,New high spenders
train,3940,0,New high spenders
train,3941,2,Long-term high spenders
train,3942,2,Long-term high spenders
train,3943,2,Long-term high spenders
train,3944,3,New low spenders
train,3945,2,Long-term high spenders
train,3946,2,Long-term high spenders
train,3947,2,Long-term high spenders
train,3948,0,New high spenders
train,3949,1,Long-term low spenders
train,3950,3,New low spenders
train,3951,0,New high spenders
train,3952,3,New low spenders
train,3953,1,Long-term low spenders
train,3954,1,Long-term low spenders
train,3955,3,New low spenders
train,3956,0,New high spenders
train,3957,3,New low spenders
train,3958,0,New high spenders
train,3959,2,Long-term high spenders
train,3960,1,Long-term low spenders
train,3961,2,Long-term high spenders
train,3962,0,New high spenders
train,3963,3,New low spenders
train,3964,2,Long-term high spenders
train,3965,0,New high spenders
train,3966,0,New high spenders
train,3967,2,Long-term high spenders
train,3968,0,New high spenders
train,3969,0,New high spenders
train,3970,3,New low spenders
train,3971,2,Long-term high spenders
train,3972,3,New low spenders
train,3973,0,New high spenders
train,3974,2,Long-term high spenders
train,3975,1,Long-term low spenders
train,3976,2,Long-term high spenders
train,3977,0,New high spenders
train,3978,0,New high spenders
train,3979,3,New low spenders
train,3980,2,Long-term high spenders
train,3981,3,New low spenders
train,3982,3,New low spenders
train,3983,2,Long-term high spenders
train,3984,0,New high spenders
train,3985,3,New low spenders
train,3986,1,Long-term low spenders
train,3987,0,New high spenders
train,3988,2,Long-term high spenders
train,3989,2,Long-term high spenders
train,3990,1,Long-term low spenders
train,3991,3,New low spenders
train,3992,2,Long-term high spenders
train,3993,0,New high spenders
train,3994,3,New low spenders
train,3995,0,New high spenders
train,3996,0,New high spenders
train,3997,0,New high spenders
train,3998,0,New high spenders
train,3999,2,Long-term high spenders
train,4000,1,Long-term low spenders
train,4001,3,New low spenders
train,4002,2,Long-term high spenders
train,4003,0,New high spenders
train,4004,0,New high spenders
train,4005,0,New high spenders
train,4006,0,New high spenders
train,4007,0,New high spenders
train,4008,1,Long-term low spenders
train,4009,3,New low spenders
train,4010,1,Long-term low spenders
train,4011,1,Long-term low spenders
train,4012,3,New low spenders
train,4013,2,Long-term high spenders
train,4014,0,New high spenders
train,4015,3,New low spenders
train,4016,2,Long-term high spenders
train,4017,3,New low spenders
train,4018,2,Long-term high spenders
train,4019,0,New high spenders
train,4020,3,New low spenders
train,4021,2,Long-term high spenders
train,4022,3,New low spenders
train,4023,3,New low spenders
train,4024,1,Long-term low spenders
train,4025,0,New high spenders
train,4026,3,New low spenders
train,4027,2,Long-term high spenders
train,4028,0,New high spenders
train,4029,3,New low spenders
train,4030,0,New high spenders
train,4031,0,New high spenders
train,4032,2,Long-term high spenders
train,4033,2,Long-term high spenders
train,4034,1,Long-term low spenders
train,4035,0,New high spenders
train,4036,1,Long-term low spenders
train,4037,0,New high spenders
train,4038,2,Long-term high spenders
train,4039,1,Long-term low spenders
train,4040,0,New high spenders
train,4041,3,New low spenders
train,4042,3,New low spenders
train,4043,0,New high spenders
train,4044,0,New high spenders
train,4045,2,Long-term high spenders
train,4046,2,Long-term high spenders
train,4047,2,Long-term high spenders
train,4048,3,New low spenders
train,4049,0,New high spenders
train,4050,2,Long-term high spenders
train,4051,1,Long-term low spenders
train,4052,3,New low spenders
train,4053,2,Long-term high spenders
train,4054,0,New high spenders
train,4055,2,Long-term high spenders
train,4056,0,New high spenders
train,4057,1,Long-term low spenders
train,4058,0,New high spenders
train,4059,1,Long-term low spenders
train,4060,2,Long-term high spenders
train,4061,2,Long-term high spenders
train,4062,0,New high spenders
train,4063,0,New high spenders
train,4064,0,New high spenders
train,4065,3,New low spenders
train,4066,0,New high spenders
train,4067,2,Long-term high spenders
train,4068,3,New low spenders
train,4069,2,Long-term high spenders
train,4070,3,New low spenders
train,4071,2,Long-term high spenders
train,4072,3,New low spenders
train,4073,1,Long-term low spenders
train,4074,2,Long-term high spenders
train,4075,1,Long-term low spenders
train,4076,0,New high spenders
train,4077,1,Long-term low spenders
train,4078,3,New low spenders
train,4079,2,Long-term high spenders
train,4080,0,New high spenders
train,4081,3,New low spenders
train,4082,1,Long-term low spenders
train,4083,2,Long-term high spenders
train,4084,0,New high spenders
train,4085,2,Long-term high spenders
train,4086,1,Long-term low spenders
train,4087,0,New high spenders
train,4088,0,New high spenders
train,4089,2,Long-term high spenders
train,4090,0,New high spenders
train,4091,0,New high spenders
train,4092,0,New high spenders
train,4093,1,Long-term low spenders
train,4094,3,New low spenders
train,4095,2,Long-term high spenders
train,4096,0,New high spenders
train,4097,0,New high spenders
train,4098,0,New high spenders
train,4099,1,Long-term low spenders
train,4100,2,Long-term high spenders
train,4101,2,Long-term high spenders
train,4102,0,New high spenders
train,4103,3,New low spenders
train,4104,3,New low spenders
train,4105,0,New high spenders
train,4106,2,Long-term high spenders
train,4107,3,New low spenders
train,4108,0,New high spenders
train,4109,0,New high spenders
train,4110,3,New low spenders
train,4111,2,Long-term high spenders
train,4112,2,Long-term high spenders
train,4113,2,Long-term high spenders
train,4114,1,Long-term low spenders
train,4115,2,Long-term high spenders
train,4116,3,New low spenders
train,4117,2,Long-term high spenders
train,4118,0,New high spenders
train,4119,0,New high spenders
train,4120,2,Long-term high spenders
train,4121,2,Long-term high spenders
train,4122,0,New high spenders
train,4123,0,New high spenders
train,4124,1,Long-term low spenders
train,4125,1,Long-term low spenders
train,4126,0,New high spenders
train,4127,2,Long-term high spenders
train,4128,0,New high spenders
train,4129,3,New low spenders
train,4130,0,New high spenders
train,4131,0,New high spenders
train,4132,3,New low spenders
train,4133,0,New high spenders
train,4134,3,New low spenders
train,4135,0,New high spenders
train,4136,2,Long-term high spenders
train,4137,0,New high spenders
train,4138,1,Long-term low spenders
train,4139,2,Long-term high spenders
train,4140,0,New high spenders
train,4141,3,New low spenders
train,4142,2,Long-term high spenders
train,4143,1,Long-term low spenders
train,4144,2,Long-term high spenders
train,4145,0,New high spenders
train,4146,3,New low spenders
train,4147,3,New low spenders
train,4148,0,New high spenders
train,4149,0,New high spenders
train,4150,2,Long-term high spenders
train,4151,3,New low spenders
train,4152,3,New low spenders
train,4153,3,New low spenders
train,4154,3,New low spenders
train,4155,0,New high spenders
train,4156,2,Long-term high spenders
train,4157,3,New low spenders
train,4158,1,Long-term low spenders
train,4159,3,New low spenders
train,4160,1,Long-term low spenders
train,4161,2,Long-term high spenders
train,4162,3,New low spenders
train,4163,0,New high spenders
train,4164,0,New high spenders
train,4165,3,New low spenders
train,4166,1,Long-term low spenders
train,4167,0,New high spenders
train,4168,0,New high spenders
train,4169,1,Long-term low spenders
train,4170,1,Long-term low spenders
train,4171,2,Long-term high spenders
train,4172,3,New low spenders
train,4173,0,New high spenders
train,4174,1,Long-term low spenders
train,4175,2,Long-term high spenders
train,4176,2,Long-term high spenders
train,4177,2,Long-term high spenders
train,4178,0,New high spenders
train,4179,3,New low spenders
train,4180,3,New low spenders
train,4181,1,Long-term low spenders
train,4182,2,Long-term high spenders
train,4183,2,Long-term high spenders
train,4184,2,Long-term high spenders
train,4185,3,New low spenders
train,4186,2,Long-term high spenders
train,4187,3,New low spenders
train,4188,2,Long-term high spenders
train,4189,3,New low spenders
train,4190,3,New low spenders
train,4191,0,New high spenders
train,4192,0,New high spenders
train,4193,3,New low spenders
train,4194,0,New high spenders
train,4195,0,New high spenders
train,4196,3,New low spenders
train,4197,3,New low spenders
train,4198,3,New low spenders
train,4199,3,New low spenders
train,4200,3,New low spenders
train,4201,0,New high spenders
train,4202,1,Long-term low spenders
train,4203,0,New high spenders
train,4204,3,New low spenders
train,4205,0,New high spenders
train,4206,2,Long-term high spenders
train,4207,1,Long-term low spenders
train,4208,2,Long-term high spenders
train,4209,0,New high spenders
train,4210,1,Long-term low spenders
train,4211,3,New low spenders
train,4212,0,New high spenders
train,4213,3,New low spenders
train,4214,0,New high spenders
train,4215,2,Long-term high spenders
train,4216,0,New high spenders
train,4217,3,New low spenders
train,4218,2,Long-term high spenders
train,4219,1,Long-term low spenders
train,4220,3,New low spenders
train,4221,2,Long-term high spenders
train,4222,0,New high spenders
train,4223,0,New high spenders
train,4224,3,New low spenders
train,4225,0,New high spenders
train,4226,1,Long-term low spenders
train,4227,1,Long-term low spenders
train,4228,2,Long-term high spenders
train,4229,0,New high spenders
train,4230,2,Long-term high spenders
train,4231,3,New low spenders
train,4232,2,Long-term high spenders
train,4233,2,Long-term high spenders
train,4234,0,New high spenders
train,4235,2,Long-term high spenders
train,4236,0,New high spenders
train,4237,0,New high spenders
train,4238,0,New high spenders
train,4239,0,New high spenders
train,4240,3,New low spenders
train,4241,0,New high spenders
train,4242,0,New high spenders
train,4243,2,Long-term high spenders
train,4244,2,Long-term high spenders
train,4245,1,Long-term low spenders
train,4246,2,Long-term high spenders
train,4247,3,New low spenders
train,4248,0,New high spenders
train,4249,2,Long-term high spenders
train,4250,2,Long-term high spenders
train,4251,0,New high spenders
train,4252,2,Long-term high spenders
train,4253,3,New low spenders
train,4254,2,Long-term high spenders
train,4255,2,Long-term high spenders
train,4256,3,New low spenders
train,4257,0,New high spenders
train,4258,3,New low spenders
train,4259,2,Long-term high spenders
train,4260,2,Long-term high spenders
train,4261,2,Long-term high spenders
train,4262,2,Long-term high spenders
train,4263,2,Long-term high spenders
train,4264,0,New high spenders
train,4265,2,Long-term high spenders
train,4266,3,New low spenders
train,4267,1,Long-term low spenders
train,4268,2,Long-term high spenders
train,4269,3,New low spenders
train,4270,1,Long-term low spenders
train,4271,2,Long-term high spenders
train,4272,0,New high spenders
train,4273,1,Long-term low spenders
train,4274,3,New low spenders
train,4275,3,New low spenders
train,4276,0,New high spenders
train,4277,1,Long-term low spenders
train,4278,1,Long-term low spenders
train,4279,1,Long-term low spenders
train,4280,3,New low spenders
train,4281,2,Long-term high spenders
train,4282,3,New low spenders
train,4283,1,Long-term low spenders
train,4284,1,Long-term low spenders
train,4285,1,Long-term low spenders
train,4286,1,Long-term low spenders
train,4287,2,Long-term high spenders
train,4288,3,New low spenders
train,4289,3,New low spenders
train,4290,2,Long-term high spenders
train,4291,1,Long-term low spenders
train,4292,2,Long-term high spenders
train,4293,2,Long-term high spenders
train,4294,1,Long-term low spenders
train,4295,0,New high spenders
train,4296,1,Long-term low spenders
train,4297,0,New high spenders
train,4298,0,New high spenders
train,4299,2,Long-term high spenders
train,4300,2,Long-term high spenders
train,4301,0,New high spenders
train,4302,0,New high spenders
train,4303,2,Long-term high spenders
train,4304,2,Long-term high spenders
train,4305,3,New low spenders
train,4306,1,Long-term low spenders
train,4307,1,Long-term low spenders
train,4308,0,New high spenders
train,4309,1,Long-term low spenders
train,4310,1,Long-term low spenders
train,4311,2,Long-term high spenders
train,4312,3,New low spenders
train,4313,3,New low spenders
train,4314,0,New high spenders
train,4315,1,Long-term low spenders
train,4316,3,New low spenders
train,4317,2,Long-term high spenders
train,4318,3,New low spenders
train,4319,2,Long-term high spenders
train,4320,0,New high spenders
train,4321,0,New high spenders
train,4322,3,New low spenders
train,4323,1,Long-term low spenders
train,4324,3,New low spenders
train,4325,0,New high spenders
train,4326,2,Long-term high spenders
train,4327,0,New high spenders
train,4328,3,New low spenders
train,4329,2,Long-term high spenders
train,4330,0,New high spenders
train,4331,0,New high spenders
train,4332,3,New low spenders
train,4333,2,Long-term high spenders
train,4334,1,Long-term low spenders
train,4335,3,New low spenders
train,4336,3,New low spenders
train,4337,2,Long-term high spenders
train,4338,2,Long-term high spenders
train,4339,0,New high spenders
train,4340,1,Long-term low spenders
train,4341,2,Long-term high spenders
train,4342,0,New high spenders
train,4343,0,New high spenders
train,4344,2,Long-term high spenders
train,4345,2,Long-term high spenders
train,4346,1,Long-term low spenders
train,4347,1,Long-term low spenders
train,4348,2,Long-term high spenders
train,4349,2,Long-term high spenders
train,4350,0,New high spenders
train,4351,3,New low spenders
train,4352,2,Long-term high spenders
train,4353,3,New low spenders
train,4354,0,New high spenders
train,4355,3,New low spenders
train,4356,0,New high spenders
train,4357,0,New high spenders
train,4358,3,New low spenders
train,4359,0,New high spenders
train,4360,0,New high spenders
train,4361,1,Long-term low spenders
train,4362,3,New low spenders
train,4363,2,Long-term high spenders
train,4364,3,New low spenders
train,4365,2,Long-term high spenders
train,4366,3,New low spenders
train,4367,1,Long-term low spenders
train,4368,0,New high spenders
train,4369,1,Long-term low spenders
train,4370,0,New high spenders
train,4371,3,New low spenders
train,4372,2,Long-term high spenders
train,4373,2,Long-term high spenders
train,4374,1,Long-term low spenders
train,4375,2,Long-term high spenders
train,4376,2,Long-term high spenders
train,4377,1,Long-term low spenders
train,4378,0,New high spenders
train,4379,3,New low spenders
train,4380,1,Long-term low spenders
train,4381,1,Long-term low spenders
train,4382,2,Long-term high spenders
train,4383,3,New low spenders
train,4384,0,New high spenders
train,4385,3,New low spenders
train,4386,3,New low spenders
train,4387,1,Long-term low spenders
train,4388,3,New low spenders
train,4389,0,New high spenders
train,4390,0,New high spenders
train,4391,3,New low spenders
train,4392,3,New low spenders
train,4393,0,New high spenders
train,4394,2,Long-term high spenders
train,4395,3,New low spenders
train,4396,2,Long-term high spenders
train,4397,3,New low spenders
train,4398,1,Long-term low spenders
train,4399,2,Long-term high spenders
train,4400,2,Long-term high spenders
train,4401,0,New high spenders
train,4402,0,New high spenders
train,4403,2,Long-term high spenders
train,4404,2,Long-term high spenders
train,4405,3,New low spenders
train,4406,3,New low spenders
train,4407,3,New low spenders
train,4408,2,Long-term high spenders
train,4409,3,New low spenders
train,4410,3,New low spenders
train,4411,2,Long-term high spenders
train,4412,1,Long-term low spenders
train,4413,3,New low spenders
train,4414,2,Long-term high spenders
train,4415,0,New high spenders
train,4416,3,New low spenders
train,4417,0,New high spenders
train,4418,0,New high spenders
train,4419,3,New low spenders
train,4420,0,New high spenders
train,4421,3,New low spenders
train,4422,3,New low spenders
train,4423,0,New high spenders
train,4424,3,New low spenders
train,4425,2,Long-term high spenders
train,4426,2,Long-term high spenders
train,4427,1,Long-term low spenders
train,4428,2,Long-term high spenders
train,4429,3,New low spenders
train,4430,2,Long-term high spenders
train,4431,0,New high spenders
train,4432,3,New low spenders
train,4433,3,New low spenders
train,4434,0,New high spenders
train,4435,1,Long-term low spenders
train,4436,0,New high spenders
train,4437,2,Long-term high spenders
train,4438,1,Long-term low spenders
train,4439,0,New high spenders
train,4440,1,Long-term low spenders
train,4441,2,Long-term high spenders
train,4442,3,New low spenders
train,4443,3,New low spenders
train,4444,0,New high spenders
train,4445,3,New low spenders
train,4446,2,Long-term high spenders
train,4447,2,Long-term high spenders
train,4448,2,Long-term high spenders
train,4449,0,New high spenders
train,4450,1,Long-term low spenders
train,4451,3,New low spenders
train,4452,2,Long-term high spenders
train,4453,2,Long-term high spenders
train,4454,3,New low spenders
train,4455,2,Long-term high spenders
train,4456,2,Long-term high spenders
train,4457,1,Long-term low spenders
train,4458,3,New low spenders
train,4459,0,New high spenders
train,4460,0,New high spenders
train,4461,3,New low spenders
train,4462,0,New high spenders
train,4463,2,Long-term high spenders
train,4464,0,New high spenders
train,4465,2,Long-term high spenders
train,4466,2,Long-term high spenders
train,4467,0,New high spenders
train,4468,0,New high spenders
train,4469,0,New high spenders
train,4470,3,New low spenders
train,4471,2,Long-term high spenders
train,4472,2,Long-term high spenders
train,4473,0,New high spenders
train,4474,1,Long-term low spenders
train,4475,0,New high spenders
train,4476,3,New low spenders
train,4477,1,Long-term low spenders
train,4478,0,New high spenders
train,4479,0,New high spenders
train,4480,2,Long-term high spenders
train,4481,0,New high spenders
train,4482,3,New low spenders
train,4483,0,New high spenders
train,4484,3,New low spenders
train,4485,2,Long-term high spenders
train,4486,1,Long-term low spenders
train,4487,2,Long-term high spenders
train,4488,2,Long-term high spenders
train,4489,3,New low spenders
train,4490,3,New low spenders
train,4491,0,New high spenders
train,4492,1,Long-term low spenders
train,4493,0,New high spenders
train,4494,2,Long-term high spenders
train,4495,0,New high spenders
train,4496,3,New low spenders
train,4497,3,New low spenders
train,4498,2,Long-term high spenders
train,4499,0,New high spenders
train,4500,3,New low spenders
train,4501,2,Long-term high spenders
train,4502,0,New high spenders
train,4503,1,Long-term low spenders
train,4504,3,New low spenders
train,4505,2,Long-term high spenders
train,4506,1,Long-term low spenders
train,4507,3,New low spenders
train,4508,3,New low spenders
train,4509,3,New low spenders
train,4510,1,Long-term low spenders
train,4511,0,New high spenders
train,4512,2,Long-term high spenders
train,4513,0,New high spenders
train,4514,0,New high spenders
train,4515,0,New high spenders
train,4516,0,New high spenders
train,4517,1,Long-term low spenders
train,4518,3,New low spenders
train,4519,3,New low spenders
train,4520,3,New low spenders
train,4521,2,Long-term high spenders
train,4522,0,New high spenders
train,4523,0,New high spenders
train,4524,0,New high spenders
train,4525,2,Long-term high spenders
train,4526,0,New high spenders
train,4527,1,Long-term low spenders
train,4528,3,New low spenders
train,4529,1,Long-term low spenders
train,4530,1,Long-term low spenders
train,4531,1,Long-term low spenders
train,4532,1,Long-term low spenders
train,4533,2,Long-term high spenders
train,4534,2,Long-term high spenders
train,4535,0,New high spenders
train,4536,3,New low spenders
train,4537,0,New high spenders
train,4538,2,Long-term high spenders
train,4539,0,New high spenders
train,4540,0,New high spenders
train,4541,3,New low spenders
train,4542,0,New high spenders
train,4543,0,New high spenders
train,4544,1,Long-term low spenders
train,4545,2,Long-term high spenders
train,4546,0,New high spenders
train,4547,0,New high spenders
train,4548,2,Long-term high spenders
train,4549,3,New low spenders
train,4550,0,New high spenders
train,4551,1,Long-term low spenders
train,4552,2,Long-term high spenders
train,4553,0,New high spenders
train,4554,1,Long-term low spenders
train,4555,1,Long-term low spenders
train,4556,3,New low spenders
train,4557,2,Long-term high spenders
train,4558,2,Long-term high spenders
train,4559,1,Long-term low spenders
train,4560,3,New low spenders
train,4561,2,Long-term high spenders
train,4562,0,New high spenders
train,4563,1,Long-term low spenders
train,4564,1,Long-term low spenders
train,4565,1,Long-term low spenders
train,4566,1,Long-term low spenders
train,4567,0,New high spenders
train,4568,1,Long-term low spenders
train,4569,3,New low spenders
train,4570,3,New low spenders
train,4571,3,New low spenders
train,4572,1,Long-term low spenders
train,4573,1,Long-term low spenders
train,4574,2,Long-term high spenders
train,4575,1,Long-term low spenders
train,4576,1,Long-term low spenders
train,4577,2,Long-term high spenders
train,4578,2,Long-term high spenders
train,4579,1,Long-term low spenders
train,4580,3,New low spenders
train,4581,0,New high spenders
train,4582,1,Long-term low spenders
train,4583,2,Long-term high spenders
train,4584,3,New low spenders
train,4585,2,Long-term high spenders
train,4586,3,New low spenders
train,4587,3,New low spenders
train,4588,3,New low spenders
train,4589,3,New low spenders
train,4590,3,New low spenders
train,4591,3,New low spenders
train,4592,0,New high spenders
train,4593,1,Long-term low spenders
train,4594,3,New low spenders
train,4595,2,Long-term high spenders
train,4596,3,New low spenders
train,4597,0,New high spenders
train,4598,0,New high spenders
train,4599,3,New low spenders
train,4600,1,Long-term low spenders
train,4601,2,Long-term high spenders
train,4602,3,New low spenders
train,4603,0,New high spenders
train,4604,2,Long-term high spenders
train,4605,0,New high spenders
train,4606,3,New low spenders
train,4607,3,New low spenders
train,4608,2,Long-term high spenders
train,4609,1,Long-term low spenders
train,4610,3,New low spenders
train,4611,3,New low spenders
train,4612,0,New high spenders
train,4613,2,Long-term high spenders
train,4614,3,New low spenders
train,4615,1,Long-term low spenders
train,4616,3,New low spenders
train,4617,0,New high spenders
train,4618,0,New high spenders
train,4619,3,New low spenders
train,4620,3,New low spenders
train,4621,0,New high spenders
train,4622,0,New high spenders
train,4623,0,New high spenders
train,4624,1,Long-term low spenders
train,4625,2,Long-term high spenders
train,4626,2,Long-term high spenders
train,4627,2,Long-term high spenders
train,4628,3,New low spenders
train,4629,3,New low spenders
train,4630,0,New high spenders
train,4631,2,Long-term high spenders
train,4632,2,Long-term high spenders
train,4633,2,Long-term high spenders
train,4634,2,Long-term high spenders
train,4635,2,Long-term high spenders
train,4636,1,Long-term low spenders
train,4637,2,Long-term high spenders
train,4638,0,New high spenders
train,4639,2,Long-term high spenders
train,4640,3,New low spenders
train,4641,2,Long-term high spenders
train,4642,0,New high spenders
train,4643,2,Long-term high spenders
train,4644,0,New high spenders
train,4645,2,Long-term high spenders
train,4646,2,Long-term high spenders
train,4647,1,Long-term low spenders
train,4648,0,New high spenders
train,4649,2,Long-term high spenders
train,4650,0,New high spenders
train,4651,1,Long-term low spenders
train,4652,0,New high spenders
train,4653,3,New low spenders
train,4654,2,Long-term high spenders
train,4655,0,New high spenders
train,4656,1,Long-term low spenders
train,4657,2,Long-term high spenders
train,4658,2,Long-term high spenders
train,4659,1,Long-term low spenders
train,4660,1,Long-term low spenders
train,4661,3,New low spenders
train,4662,0,New high spenders
train,4663,3,New low spenders
train,4664,3,New low spenders
train,4665,0,New high spenders
train,4666,0,New high spenders
train,4667,1,Long-term low spenders
train,4668,3,New low spenders
train,4669,1,Long-term low spenders
train,4670,0,New high spenders
train,4671,3,New low spenders
train,4672,0,New high spenders
train,4673,1,Long-term low spenders
train,4674,0,New high spenders
train,4675,0,New high spenders
train,4676,1,Long-term low spenders
train,4677,3,New low spenders
train,4678,0,New high spenders
train,4679,3,New low spenders
train,4680,2,Long-term high spenders
train,4681,1,Long-term low spenders
train,4682,2,Long-term high spenders
train,4683,2,Long-term high spenders
train,4684,2,Long-term high spenders
train,4685,2,Long-term high spenders
train,4686,0,New high spenders
train,4687,2,Long-term high spenders
train,4688,0,New high spenders
train,4689,3,New low spenders
train,4690,0,New high spenders
train,4691,2,Long-term high spenders
train,4692,1,Long-term low spenders
train,4693,1,Long-term low spenders
train,4694,1,Long-term low spenders
train,4695,3,New low spenders
train,4696,0,New high spenders
train,4697,0,New high spenders
train,4698,2,Long-term high spenders
train,4699,0,New high spenders
train,4700,3,New low spenders
train,4701,2,Long-term high spenders
train,4702,0,New high spenders
train,4703,3,New low spenders
train,4704,1,Long-term low spenders
train,4705,0,New high spenders
train,4706,3,New low spenders
train,4707,1,Long-term low spenders
train,4708,0,New high spenders
train,4709,2,Long-term high spenders
train,4710,3,New low spenders
train,4711,0,New high spenders
train,4712,0,New high spenders
train,4713,0,New high spenders
train,4714,2,Long-term high spenders
train,4715,1,Long-term low spenders
train,4716,0,New high spenders
train,4717,3,New low spenders
train,4718,3,New low spenders
train,4719,0,New high spenders
train,4720,3,New low spenders
train,4721,0,New high spenders
train,4722,3,New low spenders
train,4723,2,Long-term high spenders
train,4724,1,Long-term low spenders
train,4725,0,New high spenders
train,4726,3,New low spenders
train,4727,0,New high spenders
train,4728,2,Long-term high spenders
train,4729,0,New high spenders
train,4730,0,New high spenders
train,4731,3,New low spenders
train,4732,0,New high spenders
train,4733,3,New low spenders
train,4734,1,Long-term low spenders
train,4735,3,New low spenders
train,4736,2,Long-term high spenders
train,4737,2,Long-term high spenders
train,4738,1,Long-term low spenders
train,4739,1,Long-term low spenders
train,4740,2,Long-term high spenders
train,4741,3,New low spenders
train,4742,3,New low spenders
train,4743,2,Long-term high spenders
train,4744,2,Long-term high spenders
train,4745,1,Long-term low spenders
train,4746,3,New low spenders
train,4747,2,Long-term high spenders
train,4748,3,New low spenders
train,4749,0,New high spenders
train,4750,3,New low spenders
train,4751,2,Long-term high spenders
train,4752,1,Long-term low spenders
train,4753,2,Long-term high spenders
train,4754,2,Long-term high spenders
train,4755,1,Long-term low spenders
train,4756,0,New high spenders
train,4757,0,New high spenders
train,4758,1,Long-term low spenders
train,4759,3,New low spenders
train,4760,0,New high spenders
train,4761,3,New low spenders
train,4762,3,New low spenders
train,4763,2,Long-term high spenders
train,4764,3,New low spenders
train,4765,0,New high spenders
train,4766,0,New high spenders
train,4767,0,New high spenders
train,4768,2,Long-term high spenders
train,4769,0,New high spenders
train,4770,3,New low spenders
train,4771,1,Long-term low spenders
train,4772,2,Long-term high spenders
train,4773,0,New high spenders
train,4774,0,New high spenders
train,4775,3,New low spenders
train,4776,3,New low spenders
train,4777,0,New high spenders
train,4778,0,New high spenders
train,4779,3,New low spenders
train,4780,3,New low spenders
train,4781,1,Long-term low spenders
train,4782,3,New low spenders
train,4783,0,New high spenders
train,4784,1,Long-term low spenders
train,4785,2,Long-term high spenders
train,4786,3,New low spenders
train,4787,2,Long-term high spenders
train,4788,1,Long-term low spenders
train,4789,2,Long-term high spenders
train,4790,1,Long-term low spenders
train,4791,1,Long-term low spenders
train,4792,0,New high spenders
train,4793,2,Long-term high spenders
train,4794,2,Long-term high spenders
train,4795,1,Long-term low spenders
train,4796,0,New high spenders
train,4797,0,New high spenders
train,4798,0,New high spenders
train,4799,0,New high spenders
train,4800,2,Long-term high spenders
train,4801,2,Long-term high spenders
train,4802,3,New low spenders
train,4803,2,Long-term high spenders
train,4804,3,New low spenders
train,4805,3,New low spenders
train,4806,0,New high spenders
train,4807,0,New high spenders
train,4808,2,Long-term high spenders
train,4809,2,Long-term high spenders
train,4810,0,New high spenders
train,4811,0,New high spenders
train,4812,2,Long-term high spenders
train,4813,0,New high spenders
train,4814,2,Long-term high spenders
train,4815,0,New high spenders
train,4816,2,Long-term high spenders
train,4817,2,Long-term high spenders
train,4818,0,New high spenders
train,4819,0,New high spenders
train,4820,1,Long-term low spenders
train,4821,0,New high spenders
train,4822,0,New high spenders
train,4823,1,Long-term low spenders
train,4824,3,New low spenders
train,4825,0,New high spenders
train,4826,3,New low spenders
train,4827,0,New high spenders
train,4828,0,New high spenders
train,4829,3,New low spenders
train,4830,2,Long-term high spenders
train,4831,1,Long-term low spenders
train,4832,2,Long-term high spenders
train,4833,3,New low spenders
train,4834,3,New low spenders
train,4835,0,New high spenders
train,4836,2,Long-term high spenders
train,4837,3,New low spenders
train,4838,1,Long-term low spenders
train,4839,3,New low spenders
train,4840,2,Long-term high spenders
train,4841,2,Long-term high spenders
train,4842,3,New low spenders
train,4843,0,New high spenders
train,4844,2,Long-term high spenders
train,4845,1,Long-term low spenders
train,4846,1,Long-term low spenders
train,4847,2,Long-term high spenders
train,4848,1,Long-term low spenders
train,4849,2,Long-term high spenders
train,4850,0,New high spenders
train,4851,3,New low spenders
train,4852,0,New high spenders
train,4853,3,New low spenders
train,4854,0,New high spenders
train,4855,3,New low spenders
train,4856,2,Long-term high spenders
train,4857,3,New low spenders
train,4858,3,New low spenders
train,4859,2,Long-term high spenders
train,4860,1,Long-term low spenders
train,4861,3,New low spenders
train,4862,2,Long-term high spenders
train,4863,2,Long-term high spenders
train,4864,0,New high spenders
train,4865,3,New low spenders
train,4866,0,New high spenders
train,4867,0,New high spenders
train,4868,2,Long-term high spenders
train,4869,2,Long-term high spenders
train,4870,2,Long-term high spenders
train,4871,3,New low spenders
train,4872,3,New low spenders
train,4873,0,New high spenders
train,4874,3,New low spenders
train,4875,1,Long-term low spenders
train,4876,2,Long-term high spenders
train,4877,2,Long-term high spenders
train,4878,2,Long-term high spenders
train,4879,3,New low spenders
train,4880,0,New high spenders
train,4881,1,Long-term low spenders
train,4882,1,Long-term low spenders
train,4883,1,Long-term low spenders
train,4884,0,New high spenders
train,4885,2,Long-term high spenders
train,4886,1,Long-term low spenders
train,4887,3,New low spenders
train,4888,3,New low spenders
train,4889,3,New low spenders
train,4890,3,New low spenders
train,4891,1,Long-term low spenders
train,4892,3,New low spenders
train,4893,0,New high spenders
train,4894,2,Long-term high spenders
train,4895,2,Long-term high spenders
train,4896,2,Long-term high spenders
train,4897,0,New high spenders
train,4898,2,Long-term high spenders
train,4899,0,New high spenders
train,4900,3,New low spenders
train,4901,3,New low spenders
train,4902,1,Long-term low spenders
train,4903,3,New low spenders
train,4904,1,Long-term low spenders
train,4905,2,Long-term high spenders
train,4906,1,Long-term low spenders
train,4907,2,Long-term high spenders
train,4908,2,Long-term high spenders
train,4909,2,Long-term high spenders
train,4910,3,New low spenders
train,4911,2,Long-term high spenders
train,4912,2,Long-term high spenders
train,4913,1,Long-term low spenders
train,4914,0,New high spenders
train,4915,2,Long-term high spenders
train,4916,2,Long-term high spenders
train,4917,1,Long-term low spenders
train,4918,3,New low spenders
train,4919,2,Long-term high spenders
train,4920,0,New high spenders
train,4921,3,New low spenders
train,4922,0,New high spenders
train,4923,0,New high spenders
train,4924,2,Long-term high spenders
train,4925,2,Long-term high spenders
train,4926,2,Long-term high spenders
train,4927,2,Long-term high spenders
train,4928,2,Long-term high spenders
train,4929,0,New high spenders
train,4930,1,Long-term low spenders
train,4931,0,New high spenders
train,4932,2,Long-term high spenders
train,4933,1,Long-term low spenders
train,4934,0,New high spenders
train,4935,1,Long-term low spenders
train,4936,0,New high spenders
train,4937,0,New high spenders
train,4938,3,New low spenders
train,4939,3,New low spenders
train,4940,0,New high spenders
train,4941,0,New high spenders
train,4942,1,Long-term low spenders
train,4943,0,New high spenders
train,4944,0,New high spenders
train,4945,1,Long-term low spenders
train,4946,1,Long-term low spenders
train,4947,2,Long-term high spenders
train,4948,3,New low spenders
train,4949,0,New high spenders
train,4950,1,Long-term low spenders
train,4951,3,New low spenders
train,4952,0,New high spenders
train,4953,3,New low spenders
train,4954,2,Long-term high spenders
train,4955,1,Long-term low spenders
train,4956,0,New high spenders
train,4957,2,Long-term high spenders
train,4958,0,New high spenders
train,4959,2,Long-term high spenders
train,4960,1,Long-term low spenders
train,4961,2,Long-term high spenders
train,4962,3,New low spenders
train,4963,0,New high spenders
train,4964,0,New high spenders
train,4965,1,Long-term low spenders
train,4966,3,New low spenders
train,4967,2,Long-term high spenders
train,4968,2,Long-term high spenders
train,4969,3,New low spenders
train,4970,1,Long-term low spenders
train,4971,2,Long-term high spenders
train,4972,1,Long-term low spenders
train,4973,3,New low spenders
train,4974,0,New high spenders
train,4975,2,Long-term high spenders
train,4976,2,Long-term high spenders
train,4977,0,New high spenders
train,4978,0,New high spenders
train,4979,3,New low spenders
train,4980,1,Long-term low spenders
train,4981,2,Long-term high spenders
train,4982,2,Long-term high spenders
train,4983,0,New high spenders
train,4984,1,Long-term low spenders
train,4985,0,New high spenders
train,4986,1,Long-term low spenders
train,4987,0,New high spenders
train,4988,3,New low spenders
train,4989,1,Long-term low spenders
train,4990,2,Long-term high spenders
train,4991,3,New low spenders
train,4992,0,New high spenders
train,4993,0,New high spenders
train,4994,3,New low spenders
train,4995,0,New high spenders
train,4996,0,New high spenders
train,4997,2,Long-term high spenders
train,4998,3,New low spenders
train,4999,1,Long-term low spenders
train,5000,1,Long-term low spenders
train,5001,2,Long-term high spenders
train,5002,2,Long-term high spenders
train,5003,2,Long-term high spenders
train,5004,1,Long-term low spenders
train,5005,1,Long-term low spenders
train,5006,3,New low spenders
train,5007,3,New low spenders
train,5008,0,New high spenders
train,5009,0,New high spenders
train,5010,0,New high spenders
train,5011,2,Long-term high spenders
train,5012,3,New low spenders
train,5013,3,New low spenders
train,5014,2,Long-term high spenders
train,5015,0,New high spenders
train,5016,3,New low spenders
train,5017,2,Long-term high spenders
train,5018,0,New high spenders
train,5019,1,Long-term low spenders
train,5020,2,Long-term high spenders
train,5021,1,Long-term low spenders
train,5022,0,New high spenders
train,5023,1,Long-term low spenders
train,5024,3,New low spenders
train,5025,0,New high spenders
train,5026,2,Long-term high spenders
train,5027,2,Long-term high spenders
train,5028,0,New high spenders
train,5029,1,Long-term low spenders
train,5030,1,Long-term low spenders
train,5031,1,Long-term low spenders
train,5032,0,New high spenders
train,5033,0,New high spenders
train,5034,2,Long-term high spenders
train,5035,0,New high spenders
train,5036,2,Long-term high spenders
train,5037,3,New low spenders
train,5038,0,New high spenders
train,5039,1,Long-term low spenders
train,5040,3,New low spenders
train,5041,0,New high spenders
train,5042,0,New high spenders
train,5043,3,New low spenders
train,5044,0,New high spenders
train,5045,3,New low spenders
train,5046,2,Long-term high spenders
train,5047,0,New high spenders
train,5048,3,New low spenders
train,5049,3,New low spenders
train,5050,3,New low spenders
train,5051,2,Long-term high spenders
train,5052,0,New high spenders
train,5053,0,New high spenders
train,5054,2,Long-term high spenders
train,5055,0,New high spenders
train,5056,3,New low spenders
train,5057,2,Long-term high spenders
train,5058,3,New low spenders
train,5059,2,Long-term high spenders
train,5060,3,New low spenders
train,5061,3,New low spenders
train,5062,3,New low spenders
train,5063,2,Long-term high spenders
train,5064,3,New low spenders
train,5065,1,Long-term low spenders
train,5066,3,New low spenders
train,5067,1,Long-term low spenders
train,5068,3,New low spenders
train,5069,0,New high spenders
train,5070,0,New high spenders
train,5071,2,Long-term high spenders
train,5072,0,New high spenders
train,5073,0,New high spenders
train,5074,3,New low spenders
train,5075,1,Long-term low spenders
train,5076,3,New low spenders
train,5077,3,New low spenders
train,5078,0,New high spenders
train,5079,1,Long-term low spenders
train,5080,2,Long-term high spenders
train,5081,3,New low spenders
train,5082,0,New high spenders
train,5083,0,New high spenders
train,5084,3,New low spenders
train,5085,2,Long-term high spenders
train,5086,0,New high spenders
train,5087,1,Long-term low spenders
train,5088,1,Long-term low spenders
train,5089,2,Long-term high spenders
train,5090,3,New low spenders
train,5091,2,Long-term high spenders
train,5092,2,Long-term high spenders
train,5093,2,Long-term high spenders
train,5094,3,New low spenders
train,5095,3,New low spenders
train,5096,1,Long-term low spenders
train,5097,0,New high spenders
train,5098,0,New high spenders
train,5099,0,New high spenders
train,5100,3,New low spenders
train,5101,3,New low spenders
train,5102,0,New high spenders
train,5103,3,New low spenders
train,5104,2,Long-term high spenders
train,5105,0,New high spenders
train,5106,3,New low spenders
train,5107,2,Long-term high spenders
train,5108,1,Long-term low spenders
train,5109,2,Long-term high spenders
train,5110,1,Long-term low spenders
train,5111,0,New high spenders
train,5112,3,New low spenders
train,5113,0,New high spenders
train,5114,2,Long-term high spenders
train,5115,3,New low spenders
train,5116,1,Long-term low spenders
train,5117,2,Long-term high spenders
train,5118,3,New low spenders
train,5119,3,New low spenders
train,5120,1,Long-term low spenders
train,5121,2,Long-term high spenders
train,5122,1,Long-term low spenders
train,5123,1,Long-term low spenders
train,5124,2,Long-term high spenders
train,5125,1,Long-term low spenders
train,5126,1,Long-term low spenders
train,5127,2,Long-term high spenders
train,5128,2,Long-term high spenders
train,5129,0,New high spenders
train,5130,0,New high spenders
train,5131,3,New low spenders
train,5132,2,Long-term high spenders
train,5133,2,Long-term high spenders
train,5134,1,Long-term low spenders
train,5135,3,New low spenders
train,5136,3,New low spenders
train,5137,3,New low spenders
train,5138,2,Long-term high spenders
train,5139,1,Long-term low spenders
train,5140,3,New low spenders
train,5141,3,New low spenders
train,5142,0,New high spenders
train,5143,1,Long-term low spenders
train,5144,0,New high spenders
train,5145,0,New high spenders
train,5146,3,New low spenders
train,5147,2,Long-term high spenders
train,5148,2,Long-term high spenders
train,5149,0,New high spenders
train,5150,0,New high spenders
train,5151,1,Long-term low spenders
train,5152,0,New high spenders
train,5153,2,Long-term high spenders
train,5154,0,New high spenders
train,5155,2,Long-term high spenders
train,5156,2,Long-term high spenders
train,5157,0,New high spenders
train,5158,3,New low spenders
train,5159,0,New high spenders
train,5160,0,New high spenders
train,5161,0,New high spenders
train,5162,3,New low spenders
train,5163,3,New low spenders
train,5164,2,Long-term high spenders
train,5165,0,New high spenders
train,5166,3,New low spenders
train,5167,0,New high spenders
train,5168,1,Long-term low spenders
train,5169,2,Long-term high spenders
train,5170,0,New high spenders
train,5171,2,Long-term high spenders
train,5172,3,New low spenders
train,5173,0,New high spenders
train,5174,3,New low spenders
train,5175,3,New low spenders
train,5176,3,New low spenders
train,5177,0,New high spenders
train,5178,0,New high spenders
train,5179,0,New high spenders
train,5180,3,New low spenders
train,5181,3,New low spenders
train,5182,2,Long-term high spenders
train,5183,2,Long-term high spenders
train,5184,0,New high spenders
train,5185,3,New low spenders
train,5186,2,Long-term high spenders
train,5187,1,Long-term low spenders
train,5188,3,New low spenders
train,5189,2,Long-term high spenders
train,5190,0,New high spenders
train,5191,2,Long-term high spenders
train,5192,2,Long-term high spenders
train,5193,0,New high spenders
train,5194,1,Long-term low spenders
train,5195,1,Long-term low spenders
train,5196,2,Long-term high spenders
train,5197,2,Long-term high spenders
train,5198,0,New high spenders
train,5199,2,Long-term high spenders
train,5200,0,New high spenders
train,5201,2,Long-term high spenders
train,5202,2,Long-term high spenders
train,5203,2,Long-term high spenders
train,5204,2,Long-term high spenders
train,5205,1,Long-term low spenders
train,5206,3,New low spenders
train,5207,2,Long-term high spenders
train,5208,3,New low spenders
train,5209,2,Long-term high spenders
train,5210,3,New low spenders
train,5211,1,Long-term low spenders
train,5212,3,New low spenders
train,5213,1,Long-term low spenders
train,5214,3,New low spenders
train,5215,0,New high spenders
train,5216,0,New high spenders
train,5217,3,New low spenders
train,5218,0,New high spenders
train,5219,2,Long-term high spenders
train,5220,0,New high spenders
train,5221,2,Long-term high spenders
train,5222,2,Long-term high spenders
train,5223,3,New low spenders
train,5224,0,New high spenders
train,5225,2,Long-term high spenders
train,5226,3,New low spenders
train,5227,3,New low spenders
train,5228,0,New high spenders
train,5229,0,New high spenders
train,5230,0,New high spenders
train,5231,2,Long-term high spenders
train,5232,0,New high spenders
train,5233,3,New low spenders
train,5234,2,Long-term high spenders
train,5235,0,New high spenders
train,5236,2,Long-term high spenders
train,5237,0,New high spenders
train,5238,2,Long-term high spenders
train,5239,0,New high spenders
train,5240,1,Long-term low spenders
train,5241,0,New high spenders
train,5242,2,Long-term high spenders
train,5243,1,Long-term low spenders
train,5244,0,New high spenders
train,5245,2,Long-term high spenders
train,5246,0,New high spenders
train,5247,1,Long-term low spenders
train,5248,2,Long-term high spenders
train,5249,0,New high spenders
train,5250,2,Long-term high spenders
train,5251,1,Long-term low spenders
train,5252,2,Long-term high spenders
train,5253,2,Long-term high spenders
train,5254,1,Long-term low spenders
train,5255,2,Long-term high spenders
train,5256,2,Long-term high spenders
train,5257,0,New high spenders
train,5258,0,New high spenders
train,5259,2,Long-term high spenders
train,5260,3,New low spenders
train,5261,1,Long-term low spenders
train,5262,0,New high spenders
train,5263,0,New high spenders
train,5264,0,New high spenders
train,5265,0,New high spenders
train,5266,2,Long-term high spenders
train,5267,3,New low spenders
train,5268,2,Long-term high spenders
train,5269,1,Long-term low spenders
train,5270,3,New low spenders
train,5271,0,New high spenders
train,5272,2,Long-term high spenders
train,5273,0,New high spenders
train,5274,2,Long-term high spenders
train,5275,0,New high spenders
train,5276,0,New high spenders
train,5277,2,Long-term high spenders
train,5278,0,New high spenders
train,5279,2,Long-term high spenders
train,5280,2,Long-term high spenders
train,5281,1,Long-term low spenders
train,5282,1,Long-term low spenders
train,5283,0,New high spenders
train,5284,2,Long-term high spenders
train,5285,1,Long-term low spenders
train,5286,3,New low spenders
train,5287,3,New low spenders
train,5288,1,Long-term low spenders
train,5289,1,Long-term low spenders
train,5290,0,New high spenders
train,5291,3,New low spenders
train,5292,3,New low spenders
train,5293,0,New high spenders
train,5294,2,Long-term high spenders
train,5295,3,New low spenders
train,5296,3,New low spenders
train,5297,1,Long-term low spenders
train,5298,0,New high spenders
train,5299,1,Long-term low spenders
train,5300,0,New high spenders
train,5301,1,Long-term low spenders
train,5302,0,New high spenders
train,5303,0,New high spenders
train,5304,0,New high spenders
train,5305,1,Long-term low spenders
train,5306,1,Long-term low spenders
train,5307,0,New high spenders
train,5308,3,New low spenders
train,5309,2,Long-term high spenders
train,5310,3,New low spenders
train,5311,0,New high spenders
train,5312,2,Long-term high spenders
train,5313,3,New low spenders
train,5314,2,Long-term high spenders
train,5315,0,New high spenders
train,5316,1,Long-term low spenders
train,5317,3,New low spenders
train,5318,0,New high spenders
train,5319,0,New high spenders
train,5320,2,Long-term high spenders
train,5321,3,New low spenders
train,5322,1,Long-term low spenders
train,5323,1,Long-term low spenders
train,5324,3,New low spenders
train,5325,0,New high spenders
train,5326,2,Long-term high spenders
train,5327,3,New low spenders
train,5328,1,Long-term low spenders
train,5329,0,New high spenders
train,5330,2,Long-term high spenders
train,5331,0,New high spenders
train,5332,3,New low spenders
train,5333,2,Long-term high spenders
train,5334,3,New low spenders
train,5335,3,New low spenders
train,5336,0,New high spenders
train,5337,3,New low spenders
train,5338,1,Long-term low spenders
train,5339,2,Long-term high spenders
train,5340,3,New low spenders
train,5341,2,Long-term high spenders
train,5342,0,New high spenders
train,5343,0,New high spenders
train,5344,3,New low spenders
train,5345,1,Long-term low spenders
train,5346,0,New high spenders
train,5347,2,Long-term high spenders
train,5348,2,Long-term high spenders
train,5349,1,Long-term low spenders
train,5350,2,Long-term high spenders
train,5351,0,New high spenders
train,5352,3,New low spenders
train,5353,2,Long-term high spenders
train,5354,0,New high spenders
train,5355,3,New low spenders
train,5356,1,Long-term low spenders
train,5357,3,New low spenders
train,5358,2,Long-term high spenders
train,5359,1,Long-term low spenders
train,5360,0,New high spenders
train,5361,3,New low spenders
train,5362,3,New low spenders
train,5363,1,Long-term low spenders
train,5364,3,New low spenders
train,5365,0,New high spenders
train,5366,2,Long-term high spenders
train,5367,0,New high spenders
train,5368,3,New low spenders
train,5369,3,New low spenders
train,5370,1,Long-term low spenders
train,5371,3,New low spenders
train,5372,1,Long-term low spenders
train,5373,2,Long-term high spenders
train,5374,0,New high spenders
train,5375,0,New high spenders
train,5376,2,Long-term high spenders
train,5377,3,New low spenders
train,5378,3,New low spenders
train,5379,0,New high spenders
train,5380,0,New high spenders
train,5381,2,Long-term high spenders
train,5382,2,Long-term high spenders
train,5383,1,Long-term low spenders
train,5384,0,New high spenders
train,5385,3,New low spenders
train,5386,0,New high spenders
train,5387,3,New low spenders
train,5388,2,Long-term high spenders
train,5389,3,New low spenders
train,5390,3,New low spenders
train,5391,0,New high spenders
train,5392,0,New high spenders
train,5393,1,Long-term low spenders
train,5394,0,New high spenders
train,5395,1,Long-term low spenders
train,5396,2,Long-term high spenders
train,5397,3,New low spenders
train,5398,0,New high spenders
train,5399,0,New high spenders
train,5400,0,New high spenders
train,5401,0,New high spenders
train,5402,1,Long-term low spenders
train,5403,2,Long-term high spenders
train,5404,0,New high spenders
train,5405,3,New low spenders
train,5406,3,New low spenders
train,5407,1,Long-term low spenders
train,5408,0,New high spenders
train,5409,3,New low spenders
train,5410,1,Long-term low spenders
train,5411,1,Long-term low spenders
train,5412,1,Long-term low spenders
train,5413,1,Long-term low spenders
train,5414,0,New high spenders
train,5415,0,New high spenders
train,5416,2,Long-term high spenders
train,5417,0,New high spenders
train,5418,3,New low spenders
train,5419,0,New high spenders
train,5420,3,New low spenders
train,5421,1,Long-term low spenders
train,5422,3,New low spenders
train,5423,2,Long-term high spenders
train,5424,3,New low spenders
train,5425,0,New high spenders
train,5426,1,Long-term low spenders
train,5427,2,Long-term high spenders
train,5428,0,New high spenders
train,5429,3,New low spenders
train,5430,1,Long-term low spenders
train,5431,3,New low spenders
train,5432,3,New low spenders
train,5433,2,Long-term high spenders
train,5434,3,New low spenders
train,5435,0,New high spenders
train,5436,0,New high spenders
train,5437,0,New high spenders
train,5438,1,Long-term low spenders
train,5439,0,New high spenders
train,5440,0,New high spenders
train,5441,0,New high spenders
train,5442,2,Long-term high spenders
train,5443,0,New high spenders
train,5444,0,New high spenders
train,5445,3,New low spenders
train,5446,2,Long-term high spenders
train,5447,2,Long-term high spenders
train,5448,0,New high spenders
train,5449,3,New low spenders
train,5450,0,New high spenders
train,5451,0,New high spenders
train,5452,0,New high spenders
train,5453,0,New high spenders
train,5454,0,New high spenders
train,5455,1,Long-term low spenders
train,5456,2,Long-term high spenders
train,5457,0,New high spenders
train,5458,0,New high spenders
train,5459,0,New high spenders
train,5460,2,Long-term high spenders
train,5461,0,New high spenders
train,5462,0,New high spenders
train,5463,1,Long-term low spenders
train,5464,3,New low spenders
train,5465,1,Long-term low spenders
train,5466,3,New low spenders
train,5467,0,New high spenders
train,5468,1,Long-term low spenders
train,5469,2,Long-term high spenders
train,5470,2,Long-term high spenders
train,5471,0,New high spenders
train,5472,1,Long-term low spenders
train,5473,0,New high spenders
train,5474,3,New low spenders
train,5475,1,Long-term low spenders
train,5476,1,Long-term low spenders
train,5477,0,New high spenders
train,5478,1,Long-term low spenders
train,5479,3,New low spenders
train,5480,3,New low spenders
train,5481,3,New low spenders
train,5482,0,New high spenders
train,5483,1,Long-term low spenders
train,5484,2,Long-term high spenders
train,5485,3,New low spenders
train,5486,2,Long-term high spenders
train,5487,2,Long-term high spenders
train,5488,0,New high spenders
train,5489,0,New high spenders
train,5490,1,Long-term low spenders
train,5491,0,New high spenders
train,5492,2,Long-term high spenders
train,5493,3,New low spenders
train,5494,0,New high spenders
train,5495,0,New high spenders
train,5496,1,Long-term low spenders
train,5497,0,New high spenders
train,5498,2,Long-term high spenders
train,5499,3,New low spenders
train,5500,3,New low spenders
train,5501,0,New high spenders
train,5502,3,New low spenders
train,5503,0,New high spenders
train,5504,0,New high spenders
train,5505,2,Long-term high spenders
train,5506,3,New low spenders
train,5507,3,New low spenders
train,5508,0,New high spenders
train,5509,3,New low spenders
train,5510,1,Long-term low spenders
train,5511,2,Long-term high spenders
train,5512,2,Long-term high spenders
train,5513,1,Long-term low spenders
train,5514,0,New high spenders
train,5515,3,New low spenders
train,5516,2,Long-term high spenders
train,5517,3,New low spenders
train,5518,1,Long-term low spenders
train,5519,3,New low spenders
train,5520,0,New high spenders
train,5521,1,Long-term low spenders
train,5522,0,New high spenders
train,5523,3,New low spenders
train,5524,1,Long-term low spenders
train,5525,1,Long-term low spenders
train,5526,3,New low spenders
train,5527,2,Long-term high spenders
train,5528,0,New high spenders
train,5529,2,Long-term high spenders
train,5530,2,Long-term high spenders
train,5531,2,Long-term high spenders
train,5532,2,Long-term high spenders
train,5533,2,Long-term high spenders
train,5534,0,New high spenders
train,5535,3,New low spenders
train,5536,0,New high spenders
train,5537,0,New high spenders
train,5538,1,Long-term low spenders
train,5539,0,New high spenders
train,5540,3,New low spenders
train,5541,0,New high spenders
train,5542,0,New high spenders
train,5543,1,Long-term low spenders
train,5544,0,New high spenders
train,5545,3,New low spenders
train,5546,3,New low spenders
train,5547,1,Long-term low spenders
train,5548,3,New low spenders
train,5549,3,New low spenders
train,5550,3,New low spenders
train,5551,3,New low spenders
train,5552,3,New low spenders
train,5553,2,Long-term high spenders
train,5554,3,New low spenders
train,5555,1,Long-term low spenders
train,5556,2,Long-term high spenders
train,5557,1,Long-term low spenders
train,5558,0,New high spenders
train,5559,2,Long-term high spenders
train,5560,3,New low spenders
train,5561,3,New low spenders
train,5562,0,New high spenders
train,5563,3,New low spenders
train,5564,2,Long-term high spenders
train,5565,2,Long-term high spenders
train,5566,1,Long-term low spenders
train,5567,1,Long-term low spenders
train,5568,0,New high spenders
train,5569,2,Long-term high spenders
train,5570,3,New low spenders
train,5571,1,Long-term low spenders
train,5572,0,New high spenders
train,5573,2,Long-term high spenders
train,5574,0,New high spenders
train,5575,1,Long-term low spenders
train,5576,3,New low spenders
train,5577,2,Long-term high spenders
train,5578,1,Long-term low spenders
train,5579,2,Long-term high spenders
train,5580,0,New high spenders
train,5581,2,Long-term high spenders
train,5582,2,Long-term high spenders
train,5583,0,New high spenders
train,5584,1,Long-term low spenders
train,5585,2,Long-term high spenders
train,5586,0,New high spenders
train,5587,1,Long-term low spenders
train,5588,3,New low spenders
train,5589,2,Long-term high spenders
train,5590,3,New low spenders
train,5591,0,New high spenders
train,5592,2,Long-term high spenders
train,5593,1,Long-term low spenders
train,5594,3,New low spenders
train,5595,0,New high spenders
train,5596,0,New high spenders
train,5597,0,New high spenders
train,5598,2,Long-term high spenders
train,5599,0,New high spenders
train,5600,2,Long-term high spenders
train,5601,1,Long-term low spenders
train,5602,1,Long-term low spenders
train,5603,1,Long-term low spenders
train,5604,2,Long-term high spenders
train,5605,1,Long-term low spenders
train,5606,0,New high spenders
train,5607,0,New high spenders
train,5608,1,Long-term low spenders
train,5609,0,New high spenders
train,5610,3,New low spenders
train,5611,2,Long-term high spenders
train,5612,3,New low spenders
train,5613,2,Long-term high spenders
train,5614,3,New low spenders
train,5615,0,New high spenders
train,5616,2,Long-term high spenders
train,5617,0,New high spenders
train,5618,3,New low spenders
train,5619,0,New high spenders
train,5620,0,New high spenders
train,5621,3,New low spenders
train,5622,3,New low spenders
train,5623,0,New high spenders
train,5624,3,New low spenders
train,5625,0,New high spenders
train,5626,1,Long-term low spenders
train,5627,3,New low spenders
train,5628,3,New low spenders
train,5629,3,New low spenders
train,5630,3,New low spenders
train,5631,0,New high spenders
train,5632,1,Long-term low spenders
train,5633,1,Long-term low spenders
test,0,0,New high spenders
test,1,0,New high spenders
test,2,1,Long-term low spenders
test,3,1,Long-term low spenders
test,4,3,New low spenders
test,5,2,Long-term high spenders
test,6,1,Long-term low spenders
test,7,0,New high spenders
test,8,3,New low spenders
test,9,0,New high spenders
test,10,1,Long-term low spenders
test,11,0,New high spenders
test,12,3,New low spenders
test,13,0,New high spenders
test,14,2,Long-term high spenders
test,15,1,Long-term low spenders
test,16,2,Long-term high spenders
test,17,1,Long-term low spenders
test,18,2,Long-term high spenders
test,19,1,Long-term low spenders
test,20,0,New high spenders
test,21,2,Long-term high spenders
test,22,2,Long-term high spenders
test,23,0,New high spenders
test,24,3,New low spenders
test,25,2,Long-term high spenders
test,26,0,New high spenders
test,27,0,New high spenders
test,28,2,Long-term high spenders
test,29,0,New high spenders
test,30,0,New high spenders
test,31,2,Long-term high spenders
test,32,0,New high spenders
test,33,1,Long-term low spenders
test,34,3,New low spenders
test,35,2,Long-term high spenders
test,36,3,New low spenders
test,37,2,Long-term high spenders
test,38,0,New high spenders
test,39,0,New high spenders
test,40,1,Long-term low spenders
test,41,1,Long-term low spenders
test,42,0,New high spenders
test,43,3,New low spenders
test,44,2,Long-term high spenders
test,45,0,New high spenders
test,46,1,Long-term low spenders
test,47,0,New high spenders
test,48,3,New low spenders
test,49,3,New low spenders
test,50,3,New low spenders
test,51,3,New low spenders
test,52,0,New high spenders
test,53,2,Long-term high spenders
test,54,2,Long-term high spenders
test,55,0,New high spenders
test,56,2,Long-term high spenders
test,57,0,New high spenders
test,58,2,Long-term high spenders
test,59,2,Long-term high spenders
test,60,0,New high spenders
test,61,3,New low spenders
test,62,3,New low spenders
test,63,2,Long-term high spenders
test,64,0,New high spenders
test,65,2,Long-term high spenders
test,66,0,New high spenders
test,67,3,New low spenders
test,68,0,New high spenders
test,69,2,Long-term high spenders
test,70,1,Long-term low spenders
test,71,3,New low spenders
test,72,0,New high spenders
test,73,2,Long-term high spenders
test,74,0,New high spenders
test,75,2,Long-term high spenders
test,76,3,New low spenders
test,77,3,New low spenders
test,78,2,Long-term high spenders
test,79,3,New low spenders
test,80,1,Long-term low spenders
test,81,2,Long-term high spenders
test,82,0,New high spenders
test,83,0,New high spenders
test,84,0,New high spenders
test,85,1,Long-term low spenders
test,86,0,New high spenders
test,87,0,New high spenders
test,88,2,Long-term high spenders
test,89,2,Long-term high spenders
test,90,0,New high spenders
test,91,2,Long-term high spenders
test,92,2,Long-term high spenders
test,93,3,New low spenders
test,94,2,Long-term high spenders
test,95,2,Long-term high spenders
test,96,2,Long-term high spenders
test,97,1,Long-term low spenders
test,98,2,Long-term high spenders
test,99,3,New low spenders
test,100,2,Long-term high spenders
test,101,0,New high spenders
test,102,0,New high spenders
test,103,1,Long-term low spenders
test,104,1,Long-term low spenders
test,105,3,New low spenders
test,106,3,New low spenders
test,107,1,Long-term low spenders
test,108,0,New high spenders
test,109,1,Long-term low spenders
test,110,1,Long-term low spenders
test,111,0,New high spenders
test,112,1,Long-term low spenders
test,113,0,New high spenders
test,114,3,New low spenders
test,115,1,Long-term low spenders
test,116,0,New high spenders
test,117,1,Long-term low spenders
test,118,2,Long-term high spenders
test,119,2,Long-term high spenders
test,120,3,New low spenders
test,121,0,New high spenders
test,122,3,New low spenders
test,123,2,Long-term high spenders
test,124,0,New high spenders
test,125,1,Long-term low spenders
test,126,1,Long-term low spenders
test,127,0,New high spenders
test,128,1,Long-term low spenders
test,129,0,New high spenders
test,130,0,New high spenders
test,131,2,Long-term high spenders
test,132,0,New high spenders
test,133,2,Long-term high spenders
test,134,3,New low spenders
test,135,2,Long-term high spenders
test,136,3,New low spenders
test,137,1,Long-term low spenders
test,138,1,Long-term low spenders
test,139,0,New high spenders
test,140,1,Long-term low spenders
test,141,1,Long-term low spenders
test,142,3,New low spenders
test,143,3,New low spenders
test,144,2,Long-term high spenders
test,145,2,Long-term high spenders
test,146,2,Long-term high spenders
test,147,0,New high spenders
test,148,3,New low spenders
test,149,0,New high spenders
test,150,0,New high spenders
test,151,2,Long-term high spenders
test,152,3,New low spenders
test,153,2,Long-term high spenders
test,154,0,New high spenders
test,155,1,Long-term low spenders
test,156,1,Long-term low spenders
test,157,0,New high spenders
test,158,0,New high spenders
test,159,2,Long-term high spenders
test,160,3,New low spenders
test,161,3,New low spenders
test,162,0,New high spenders
test,163,1,Long-term low spenders
test,164,2,Long-term high spenders
test,165,0,New high spenders
test,166,2,Long-term high spenders
test,167,3,New low spenders
test,168,2,Long-term high spenders
test,169,3,New low spenders
test,170,3,New low spenders
test,171,0,New high spenders
test,172,0,New high spenders
test,173,0,New high spenders
test,174,2,Long-term high spenders
test,175,2,Long-term high spenders
test,176,0,New high spenders
test,177,3,New low spenders
test,178,3,New low spenders
test,179,2,Long-term high spenders
test,180,0,New high spenders
test,181,0,New high spenders
test,182,2,Long-term high spenders
test,183,0,New high spenders
test,184,0,New high spenders
test,185,3,New low spenders
test,186,2,Long-term high spenders
test,187,3,New low spenders
test,188,3,New low spenders
test,189,3,New low spenders
test,190,0,New high spenders
test,191,0,New high spenders
test,192,0,New high spenders
test,193,2,Long-term high spenders
test,194,1,Long-term low spenders
test,195,1,Long-term low spenders
test,196,1,Long-term low spenders
test,197,0,New high spenders
test,198,2,Long-term high spenders
test,199,0,New high spenders
test,200,0,New high spenders
test,201,3,New low spenders
test,202,2,Long-term high spenders
test,203,2,Long-term high spenders
test,204,3,New low spenders
test,205,2,Long-term high spenders
test,206,1,Long-term low spenders
test,207,3,New low spenders
test,208,3,New low spenders
test,209,0,New high spenders
test,210,0,New high spenders
test,211,1,Long-term low spenders
test,212,2,Long-term high spenders
test,213,2,Long-term high spenders
test,214,3,New low spenders
test,215,3,New low spenders
test,216,1,Long-term low spenders
test,217,2,Long-term high spenders
test,218,3,New low spenders
test,219,3,New low spenders
test,220,2,Long-term high spenders
test,221,2,Long-term high spenders
test,222,2,Long-term high spenders
test,223,2,Long-term high spenders
test,224,3,New low spenders
test,225,3,New low spenders
test,226,0,New high spenders
test,227,3,New low spenders
test,228,0,New high spenders
test,229,0,New high spenders
test,230,3,New low spenders
test,231,3,New low spenders
test,232,0,New high spenders
test,233,2,Long-term high spenders
test,234,3,New low spenders
test,235,2,Long-term high spenders
test,236,0,New high spenders
test,237,0,New high spenders
test,238,2,Long-term high spenders
test,239,2,Long-term high spenders
test,240,0,New high spenders
test,241,0,New high spenders
test,242,0,New high spenders
test,243,3,New low spenders
test,244,3,New low spenders
test,245,0,New high spenders
test,246,0,New high spenders
test,247,3,New low spenders
test,248,3,New low spenders
test,249,0,New high spenders
test,250,1,Long-term low spenders
test,251,3,New low spenders
test,252,2,Long-term high spenders
test,253,3,New low spenders
test,254,0,New high spenders
test,255,3,New low spenders
test,256,2,Long-term high spenders
test,257,1,Long-term low spenders
test,258,3,New low spenders
test,259,3,New low spenders
test,260,0,New high spenders
test,261,3,New low spenders
test,262,3,New low spenders
test,263,2,Long-term high spenders
test,264,2,Long-term high spenders
test,265,0,New high spenders
test,266,0,New high spenders
test,267,2,Long-term high spenders
test,268,3,New low spenders
test,269,3,New low spenders
test,270,1,Long-term low spenders
test,271,2,Long-term high spenders
test,272,2,Long-term high spenders
test,273,2,Long-term high spenders
test,274,2,Long-term high spenders
test,275,0,New high spenders
test,276,0,New high spenders
test,277,2,Long-term high spenders
test,278,0,New high spenders
test,279,0,New high spenders
test,280,3,New low spenders
test,281,3,New low spenders
test,282,3,New low spenders
test,283,2,Long-term high spenders
test,284,1,Long-term low spenders
test,285,0,New high spenders
test,286,0,New high spenders
test,287,0,New high spenders
test,288,0,New high spenders
test,289,1,Long-term low spenders
test,290,2,Long-term high spenders
test,291,1,Long-term low spenders
test,292,2,Long-term high spenders
test,293,3,New low spenders
test,294,2,Long-term high spenders
test,295,0,New high spenders
test,296,2,Long-term high spenders
test,297,0,New high spenders
test,298,3,New low spenders
test,299,3,New low spenders
test,300,3,New low spenders
test,301,2,Long-term high spenders
test,302,0,New high spenders
test,303,1,Long-term low spenders
test,304,3,New low spenders
test,305,1,Long-term low spenders
test,306,2,Long-term high spenders
test,307,0,New high spenders
test,308,1,Long-term low spenders
test,309,3,New low spenders
test,310,0,New high spenders
test,311,1,Long-term low spenders
test,312,0,New high spenders
test,313,3,New low spenders
test,314,1,Long-term low spenders
test,315,0,New high spenders
test,316,3,New low spenders
test,317,0,New high spenders
test,318,2,Long-term high spenders
test,319,0,New high spenders
test,320,1,Long-term low spenders
test,321,0,New high spenders
test,322,0,New high spenders
test,323,2,Long-term high spenders
test,324,1,Long-term low spenders
test,325,3,New low spenders
test,326,3,New low spenders
test,327,0,New high spenders
test,328,0,New high spenders
test,329,0,New high spenders
test,330,1,Long-term low spenders
test,331,0,New high spenders
test,332,3,New low spenders
test,333,3,New low spenders
test,334,1,Long-term low spenders
test,335,3,New low spenders
test,336,0,New high spenders
test,337,1,Long-term low spenders
test,338,3,New low spenders
test,339,3,New low spenders
test,340,1,Long-term low spenders
test,341,0,New high spenders
test,342,2,Long-term high spenders
test,343,0,New high spenders
test,344,0,New high spenders
test,345,2,Long-term high spenders
test,346,2,Long-term high spenders
test,347,3,New low spenders
test,348,2,Long-term high spenders
test,349,0,New high spenders
test,350,1,Long-term low spenders
test,351,2,Long-term high spenders
test,352,2,Long-term high spenders
test,353,3,New low spenders
test,354,2,Long-term high spenders
test,355,2,Long-term high spenders
test,356,3,New low spenders
test,357,0,New high spenders
test,358,2,Long-term high spenders
test,359,0,New high spenders
test,360,2,Long-term high spenders
test,361,1,Long-term low spenders
test,362,2,Long-term high spenders
test,363,0,New high spenders
test,364,2,Long-term high spenders
test,365,2,Long-term high spenders
test,366,2,Long-term high spenders
test,367,3,New low spenders
test,368,1,Long-term low spenders
test,369,3,New low spenders
test,370,0,New high spenders
test,371,0,New high spenders
test,372,0,New high spenders
test,373,1,Long-term low spenders
test,374,3,New low spenders
test,375,2,Long-term high spenders
test,376,2,Long-term high spenders
test,377,1,Long-term low spenders
test,378,0,New high spenders
test,379,0,New high spenders
test,380,0,New high spenders
test,381,2,Long-term high spenders
test,382,3,New low spenders
test,383,1,Long-term low spenders
test,384,3,New low spenders
test,385,1,Long-term low spenders
test,386,0,New high spenders
test,387,0,New high spenders
test,388,1,Long-term low spenders
test,389,0,New high spenders
test,390,0,New high spenders
test,391,2,Long-term high spenders
test,392,2,Long-term high spenders
test,393,3,New low spenders
test,394,0,New high spenders
test,395,2,Long-term high spenders
test,396,2,Long-term high spenders
test,397,3,New low spenders
test,398,2,Long-term high spenders
test,399,0,New high spenders
test,400,2,Long-term high spenders
test,401,1,Long-term low spenders
test,402,1,Long-term low spenders
test,403,2,Long-term high spenders
test,404,3,New low spenders
test,405,0,New high spenders
test,406,0,New high spenders
test,407,0,New high spenders
test,408,0,New high spenders
test,409,2,Long-term high spenders
test,410,0,New high spenders
test,411,3,New low spenders
test,412,0,New high spenders
test,413,0,New high spenders
test,414,1,Long-term low spenders
test,415,2,Long-term high spenders
test,416,3,New low spenders
test,417,2,Long-term high spenders
test,418,2,Long-term high spenders
test,419,0,New high spenders
test,420,2,Long-term high spenders
test,421,2,Long-term high spenders
test,422,2,Long-term high spenders
test,423,3,New low spenders
test,424,2,Long-term high spenders
test,425,3,New low spenders
test,426,3,New low spenders
test,427,2,Long-term high spenders
test,428,0,New high spenders
test,429,2,Long-term high spenders
test,430,0,New high spenders
test,431,2,Long-term high spenders
test,432,0,New high spenders
test,433,1,Long-term low spenders
test,434,2,Long-term high spenders
test,435,0,New high spenders
test,436,3,New low spenders
test,437,2,Long-term high spenders
test,438,0,New high spenders
test,439,1,Long-term low spenders
test,440,2,Long-term high spenders
test,441,2,Long-term high spenders
test,442,3,New low spenders
test,443,2,Long-term high spenders
test,444,2,Long-term high spenders
test,445,1,Long-term low spenders
test,446,3,New low spenders
test,447,2,Long-term high spenders
test,448,0,New high spenders
test,449,0,New high spenders
test,450,1,Long-term low spenders
test,451,2,Long-term high spenders
test,452,2,Long-term high spenders
test,453,3,New low spenders
test,454,3,New low spenders
test,455,3,New low spenders
test,456,0,New high spenders
test,457,3,New low spenders
test,458,2,Long-term high spenders
test,459,0,New high spenders
test,460,3,New low spenders
test,461,0,New high spenders
test,462,1,Long-term low spenders
test,463,2,Long-term high spenders
test,464,2,Long-term high spenders
test,465,1,Long-term low spenders
test,466,0,New high spenders
test,467,1,Long-term low spenders
test,468,2,Long-term high spenders
test,469,2,Long-term high spenders
test,470,2,Long-term high spenders
test,471,2,Long-term high spenders
test,472,3,New low spenders
test,473,0,New high spenders
test,474,2,Long-term high spenders
test,475,2,Long-term high spenders
test,476,2,Long-term high spenders
test,477,3,New low spenders
test,478,3,New low spenders
test,479,0,New high spenders
test,480,2,Long-term high spenders
test,481,3,New low spenders
test,482,2,Long-term high spenders
test,483,3,New low spenders
test,484,2,Long-term high spenders
test,485,0,New high spenders
test,486,0,New high spenders
test,487,3,New low spenders
test,488,2,Long-term high spenders
test,489,1,Long-term low spenders
test,490,2,Long-term high spenders
test,491,3,New low spenders
test,492,2,Long-term high spenders
test,493,1,Long-term low spenders
test,494,0,New high spenders
test,495,3,New low spenders
test,496,1,Long-term low spenders
test,497,0,New high spenders
test,498,2,Long-term high spenders
test,499,3,New low spenders
test,500,1,Long-term low spenders
test,501,3,New low spenders
test,502,0,New high spenders
test,503,3,New low spenders
test,504,3,New low spenders
test,505,2,Long-term high spenders
test,506,0,New high spenders
test,507,1,Long-term low spenders
test,508,3,New low spenders
test,509,1,Long-term low spenders
test,510,0,New high spenders
test,511,3,New low spenders
test,512,2,Long-term high spenders
test,513,2,Long-term high spenders
test,514,1,Long-term low spenders
test,515,3,New low spenders
test,516,0,New high spenders
test,517,0,New high spenders
test,518,0,New high spenders
test,519,0,New high spenders
test,520,3,New low spenders
test,521,3,New low spenders
test,522,2,Long-term high spenders
test,523,0,New high spenders
test,524,0,New high spenders
test,525,2,Long-term high spenders
test,526,2,Long-term high spenders
test,527,1,Long-term low spenders
test,528,1,Long-term low spenders
test,529,3,New low spenders
test,530,2,Long-term high spenders
test,531,2,Long-term high spenders
test,532,3,New low spenders
test,533,0,New high spenders
test,534,0,New high spenders
test,535,2,Long-term high spenders
test,536,2,Long-term high spenders
test,537,1,Long-term low spenders
test,538,3,New low spenders
test,539,0,New high spenders
test,540,3,New low spenders
test,541,1,Long-term low spenders
test,542,0,New high spenders
test,543,2,Long-term high spenders
test,544,0,New high spenders
test,545,0,New high spenders
test,546,0,New high spenders
test,547,3,New low spenders
test,548,1,Long-term low spenders
test,549,0,New high spenders
test,550,0,New high spenders
test,551,2,Long-term high spenders
test,552,3,New low spenders
test,553,1,Long-term low spenders
test,554,3,New low spenders
test,555,0,New high spenders
test,556,0,New high spenders
test,557,0,New high spenders
test,558,0,New high spenders
test,559,1,Long-term low spenders
test,560,3,New low spenders
test,561,0,New high spenders
test,562,0,New high spenders
test,563,3,New low spenders
test,564,3,New low spenders
test,565,2,Long-term high spenders
test,566,0,New high spenders
test,567,3,New low spenders
test,568,0,New high spenders
test,569,2,Long-term high spenders
test,570,1,Long-term low spenders
test,571,2,Long-term high spenders
test,572,0,New high spenders
test,573,2,Long-term high spenders
test,574,3,New low spenders
test,575,1,Long-term low spenders
test,576,1,Long-term low spenders
test,577,0,New high spenders
test,578,2,Long-term high spenders
test,579,2,Long-term high spenders
test,580,1,Long-term low spenders
test,581,0,New high spenders
test,582,2,Long-term high spenders
test,583,0,New high spenders
test,584,1,Long-term low spenders
test,585,2,Long-term high spenders
test,586,0,New high spenders
test,587,0,New high spenders
test,588,3,New low spenders
test,589,0,New high spenders
test,590,0,New high spenders
test,591,3,New low spenders
test,592,1,Long-term low spenders
test,593,3,New low spenders
test,594,3,New low spenders
test,595,0,New high spenders
test,596,0,New high spenders
test,597,2,Long-term high spenders
test,598,3,New low spenders
test,599,2,Long-term high spenders
test,600,2,Long-term high spenders
test,601,0,New high spenders
test,602,3,New low spenders
test,603,0,New high spenders
test,604,1,Long-term low spenders
test,605,2,Long-term high spenders
test,606,0,New high spenders
test,607,0,New high spenders
test,608,0,New high spenders
test,609,2,Long-term high spenders
test,610,1,Long-term low spenders
test,611,3,New low spenders
test,612,2,Long-term high spenders
test,613,0,New high spenders
test,614,2,Long-term high spenders
test,615,2,Long-term high spenders
test,616,2,Long-term high spenders
test,617,3,New low spenders
test,618,3,New low spenders
test,619,3,New low spenders
test,620,0,New high spenders
test,621,0,New high spenders
test,622,0,New high spenders
test,623,1,Long-term low spenders
test,624,3,New low spenders
test,625,3,New low spenders
test,626,0,New high spenders
test,627,0,New high spenders
test,628,0,New high spenders
test,629,2,Long-term high spenders
test,630,0,New high spenders
test,631,0,New high spenders
test,632,0,New high spenders
test,633,2,Long-term high spenders
test,634,2,Long-term high spenders
test,635,0,New high spenders
test,636,3,New low spenders
test,637,3,New low spenders
test,638,0,New high spenders
test,639,3,New low spenders
test,640,2,Long-term high spenders
test,641,2,Long-term high spenders
test,642,3,New low spenders
test,643,2,Long-term high spenders
test,644,2,Long-term high spenders
test,645,0,New high spenders
test,646,3,New low spenders
test,647,1,Long-term low spenders
test,648,0,New high spenders
test,649,2,Long-term high spenders
test,650,0,New high spenders
test,651,1,Long-term low spenders
test,652,2,Long-term high spenders
test,653,0,New high spenders
test,654,2,Long-term high spenders
test,655,3,New low spenders
test,656,3,New low spenders
test,657,2,Long-term high spenders
test,658,2,Long-term high spenders
test,659,3,New low spenders
test,660,3,New low spenders
test,661,1,Long-term low spenders
test,662,3,New low spenders
test,663,0,New high spenders
test,664,2,Long-term high spenders
test,665,2,Long-term high spenders
test,666,0,New high spenders
test,667,2,Long-term high spenders
test,668,3,New low spenders
test,669,3,New low spenders
test,670,1,Long-term low spenders
test,671,0,New high spenders
test,672,2,Long-term high spenders
test,673,2,Long-term high spenders
test,674,0,New high spenders
test,675,2,Long-term high spenders
test,676,2,Long-term high spenders
test,677,0,New high spenders
test,678,0,New high spenders
test,679,3,New low spenders
test,680,2,Long-term high spenders
test,681,2,Long-term high spenders
test,682,1,Long-term low spenders
test,683,1,Long-term low spenders
test,684,1,Long-term low spenders
test,685,0,New high spenders
test,686,1,Long-term low spenders
test,687,0,New high spenders
test,688,3,New low spenders
test,689,2,Long-term high spenders
test,690,3,New low spenders
test,691,2,Long-term high spenders
test,692,2,Long-term high spenders
test,693,2,Long-term high spenders
test,694,3,New low spenders
test,695,0,New high spenders
test,696,3,New low spenders
test,697,2,Long-term high spenders
test,698,3,New low spenders
test,699,3,New low spenders
test,700,1,Long-term low spenders
test,701,3,New low spenders
test,702,2,Long-term high spenders
test,703,2,Long-term high spenders
test,704,3,New low spenders
test,705,2,Long-term high spenders
test,706,1,Long-term low spenders
test,707,0,New high spenders
test,708,3,New low spenders
test,709,0,New high spenders
test,710,2,Long-term high spenders
test,711,0,New high spenders
test,712,2,Long-term high spenders
test,713,0,New high spenders
test,714,2,Long-term high spenders
test,715,1,Long-term low spenders
test,716,2,Long-term high spenders
test,717,2,Long-term high spenders
test,718,3,New low spenders
test,719,2,Long-term high spenders
test,720,3,New low spenders
test,721,1,Long-term low spenders
test,722,3,New low spenders
test,723,2,Long-term high spenders
test,724,3,New low spenders
test,725,1,Long-term low spenders
test,726,0,New high spenders
test,727,2,Long-term high spenders
test,728,0,New high spenders
test,729,3,New low spenders
test,730,3,New low spenders
test,731,0,New high spenders
test,732,2,Long-term high spenders
test,733,0,New high spenders
test,734,0,New high spenders
test,735,3,New low spenders
test,736,0,New high spenders
test,737,1,Long-term low spenders
test,738,2,Long-term high spenders
test,739,0,New high spenders
test,740,0,New high spenders
test,741,0,New high spenders
test,742,2,Long-term high spenders
test,743,0,New high spenders
test,744,0,New high spenders
test,745,0,New high spenders
test,746,1,Long-term low spenders
test,747,0,New high spenders
test,748,0,New high spenders
test,749,0,New high spenders
test,750,2,Long-term high spenders
test,751,0,New high spenders
test,752,3,New low spenders
test,753,0,New high spenders
test,754,1,Long-term low spenders
test,755,2,Long-term high spenders
test,756,2,Long-term high spenders
test,757,0,New high spenders
test,758,0,New high spenders
test,759,0,New high spenders
test,760,3,New low spenders
test,761,1,Long-term low spenders
test,762,0,New high spenders
test,763,1,Long-term low spenders
test,764,3,New low spenders
test,765,2,Long-term high spenders
test,766,2,Long-term high spenders
test,767,1,Long-term low spenders
test,768,2,Long-term high spenders
test,769,1,Long-term low spenders
test,770,0,New high spenders
test,771,3,New low spenders
test,772,3,New low spenders
test,773,0,New high spenders
test,774,0,New high spenders
test,775,2,Long-term high spenders
test,776,2,Long-term high spenders
test,777,0,New high spenders
test,778,3,New low spenders
test,779,1,Long-term low spenders
test,780,0,New high spenders
test,781,1,Long-term low spenders
test,782,3,New low spenders
test,783,0,New high spenders
test,784,3,New low spenders
test,785,1,Long-term low spenders
test,786,3,New low spenders
test,787,1,Long-term low spenders
test,788,3,New low spenders
test,789,3,New low spenders
test,790,3,New low spenders
test,791,2,Long-term high spenders
test,792,2,Long-term high spenders
test,793,2,Long-term high spenders
test,794,0,New high spenders
test,795,3,New low spenders
test,796,2,Long-term high spenders
test,797,0,New high spenders
test,798,2,Long-term high spenders
test,799,0,New high spenders
test,800,0,New high spenders
test,801,3,New low spenders
test,802,2,Long-term high spenders
test,803,1,Long-term low spenders
test,804,1,Long-term low spenders
test,805,0,New high spenders
test,806,2,Long-term high spenders
test,807,3,New low spenders
test,808,3,New low spenders
test,809,0,New high spenders
test,810,1,Long-term low spenders
test,811,2,Long-term high spenders
test,812,1,Long-term low spenders
test,813,0,New high spenders
test,814,2,Long-term high spenders
test,815,2,Long-term high spenders
test,816,3,New low spenders
test,817,0,New high spenders
test,818,0,New high spenders
test,819,2,Long-term high spenders
test,820,1,Long-term low spenders
test,821,1,Long-term low spenders
test,822,0,New high spenders
test,823,2,Long-term high spenders
test,824,1,Long-term low spenders
test,825,0,New high spenders
test,826,0,New high spenders
test,827,1,Long-term low spenders
test,828,0,New high spenders
test,829,0,New high spenders
test,830,1,Long-term low spenders
test,831,1,Long-term low spenders
test,832,2,Long-term high spenders
test,833,0,New high spenders
test,834,2,Long-term high spenders
test,835,2,Long-term high spenders
test,836,3,New low spenders
test,837,2,Long-term high spenders
test,838,2,Long-term high spenders
test,839,2,Long-term high spenders
test,840,1,Long-term low spenders
test,841,3,New low spenders
test,842,2,Long-term high spenders
test,843,2,Long-term high spenders
test,844,2,Long-term high spenders
test,845,2,Long-term high spenders
test,846,0,New high spenders
test,847,2,Long-term high spenders
test,848,1,Long-term low spenders
test,849,0,New high spenders
test,850,2,Long-term high spenders
test,851,0,New high spenders
test,852,0,New high spenders
test,853,2,Long-term high spenders
test,854,0,New high spenders
test,855,0,New high spenders
test,856,3,New low spenders
test,857,0,New high spenders
test,858,2,Long-term high spenders
test,859,2,Long-term high spenders
test,860,0,New high spenders
test,861,3,New low spenders
test,862,2,Long-term high spenders
test,863,2,Long-term high spenders
test,864,2,Long-term high spenders
test,865,0,New high spenders
test,866,1,Long-term low spenders
test,867,3,New low spenders
test,868,1,Long-term low spenders
test,869,2,Long-term high spenders
test,870,2,Long-term high spenders
test,871,2,Long-term high spenders
test,872,0,New high spenders
test,873,2,Long-term high spenders
test,874,0,New high spenders
test,875,0,New high spenders
test,876,1,Long-term low spenders
test,877,3,New low spenders
test,878,3,New low spenders
test,879,2,Long-term high spenders
test,880,0,New high spenders
test,881,2,Long-term high spenders
test,882,0,New high spenders
test,883,3,New low spenders
test,884,3,New low spenders
test,885,2,Long-term high spenders
test,886,1,Long-term low spenders
test,887,0,New high spenders
test,888,3,New low spenders
test,889,2,Long-term high spenders
test,890,3,New low spenders
test,891,1,Long-term low spenders
test,892,2,Long-term high spenders
test,893,2,Long-term high spenders
test,894,3,New low spenders
test,895,3,New low spenders
test,896,0,New high spenders
test,897,2,Long-term high spenders
test,898,0,New high spenders
test,899,3,New low spenders
test,900,3,New low spenders
test,901,2,Long-term high spenders
test,902,2,Long-term high spenders
test,903,3,New low spenders
test,904,0,New high spenders
test,905,3,New low spenders
test,906,0,New high spenders
test,907,0,New high spenders
test,908,0,New high spenders
test,909,0,New high spenders
test,910,3,New low spenders
test,911,0,New high spenders
test,912,0,New high spenders
test,913,2,Long-term high spenders
test,914,3,New low spenders
test,915,2,Long-term high spenders
test,916,3,New low spenders
test,917,0,New high spenders
test,918,1,Long-term low spenders
test,919,3,New low spenders
test,920,3,New low spenders
test,921,0,New high spenders
test,922,2,Long-term high spenders
test,923,0,New high spenders
test,924,1,Long-term low spenders
test,925,0,New high spenders
test,926,0,New high spenders
test,927,0,New high spenders
test,928,3,New low spenders
test,929,1,Long-term low spenders
test,930,2,Long-term high spenders
test,931,0,New high spenders
test,932,3,New low spenders
test,933,0,New high spenders
test,934,3,New low spenders
test,935,0,New high spenders
test,936,2,Long-term high spenders
test,937,2,Long-term high spenders
test,938,2,Long-term high spenders
test,939,2,Long-term high spenders
test,940,3,New low spenders
test,941,2,Long-term high spenders
test,942,1,Long-term low spenders
test,943,2,Long-term high spenders
test,944,2,Long-term high spenders
test,945,3,New low spenders
test,946,3,New low spenders
test,947,3,New low spenders
test,948,0,New high spenders
test,949,2,Long-term high spenders
test,950,0,New high spenders
test,951,0,New high spenders
test,952,3,New low spenders
test,953,1,Long-term low spenders
test,954,2,Long-term high spenders
test,955,1,Long-term low spenders
test,956,0,New high spenders
test,957,0,New high spenders
test,958,3,New low spenders
test,959,1,Long-term low spenders
test,960,2,Long-term high spenders
test,961,0,New high spenders
test,962,2,Long-term high spenders
test,963,0,New high spenders
test,964,1,Long-term low spenders
test,965,3,New low spenders
test,966,0,New high spenders
test,967,0,New high spenders
test,968,1,Long-term low spenders
test,969,0,New high spenders
test,970,1,Long-term low spenders
test,971,0,New high spenders
test,972,0,New high spenders
test,973,2,Long-term high spenders
test,974,0,New high spenders
test,975,2,Long-term high spenders
test,976,0,New high spenders
test,977,2,Long-term high spenders
test,978,3,New low spenders
test,979,2,Long-term high spenders
test,980,0,New high spenders
test,981,3,New low spenders
test,982,3,New low spenders
test,983,0,New high spenders
test,984,3,New low spenders
test,985,1,Long-term low spenders
test,986,3,New low spenders
test,987,0,New high spenders
test,988,1,Long-term low spenders
test,989,0,New high spenders
test,990,1,Long-term low spenders
test,991,2,Long-term high spenders
test,992,3,New low spenders
test,993,2,Long-term high spenders
test,994,0,New high spenders
test,995,0,New high spenders
test,996,0,New high spenders
test,997,0,New high spenders
test,998,3,New low spenders
test,999,3,New low spenders
test,1000,3,New low spenders
test,1001,1,Long-term low spenders
test,1002,2,Long-term high spenders
test,1003,3,New low spenders
test,1004,0,New high spenders
test,1005,0,New high spenders
test,1006,0,New high spenders
test,1007,2,Long-term high spenders
test,1008,0,New high spenders
test,1009,1,Long-term low spenders
test,1010,2,Long-term high spenders
test,1011,1,Long-term low spenders
test,1012,2,Long-term high spenders
test,1013,2,Long-term high spenders
test,1014,2,Long-term high spenders
test,1015,3,New low spenders
test,1016,3,New low spenders
test,1017,0,New high spenders
test,1018,2,Long-term high spenders
test,1019,0,New high spenders
test,1020,2,Long-term high spenders
test,1021,3,New low spenders
test,1022,1,Long-term low spenders
test,1023,3,New low spenders
test,1024,3,New low spenders
test,1025,3,New low spenders
test,1026,0,New high spenders
test,1027,3,New low spenders
test,1028,1,Long-term low spenders
test,1029,1,Long-term low spenders
test,1030,2,Long-term high spenders
test,1031,1,Long-term low spenders
test,1032,0,New high spenders
test,1033,0,New high spenders
test,1034,2,Long-term high spenders
test,1035,3,New low spenders
test,1036,1,Long-term low spenders
test,1037,0,New high spenders
test,1038,2,Long-term high spenders
test,1039,3,New low spenders
test,1040,0,New high spenders
test,1041,2,Long-term high spenders
test,1042,0,New high spenders
test,1043,3,New low spenders
test,1044,1,Long-term low spenders
test,1045,0,New high spenders
test,1046,0,New high spenders
test,1047,1,Long-term low spenders
test,1048,2,Long-term high spenders
test,1049,1,Long-term low spenders
test,1050,3,New low spenders
test,1051,2,Long-term high spenders
test,1052,2,Long-term high spenders
test,1053,1,Long-term low spenders
test,1054,2,Long-term high spenders
test,1055,3,New low spenders
test,1056,0,New high spenders
test,1057,2,Long-term high spenders
test,1058,0,New high spenders
test,1059,2,Long-term high spenders
test,1060,2,Long-term high spenders
test,1061,0,New high spenders
test,1062,2,Long-term high spenders
test,1063,2,Long-term high spenders
test,1064,0,New high spenders
test,1065,3,New low spenders
test,1066,0,New high spenders
test,1067,2,Long-term high spenders
test,1068,1,Long-term low spenders
test,1069,2,Long-term high spenders
test,1070,2,Long-term high spenders
test,1071,2,Long-term high spenders
test,1072,2,Long-term high spenders
test,1073,2,Long-term high spenders
test,1074,2,Long-term high spenders
test,1075,3,New low spenders
test,1076,0,New high spenders
test,1077,2,Long-term high spenders
test,1078,0,New high spenders
test,1079,1,Long-term low spenders
test,1080,2,Long-term high spenders
test,1081,2,Long-term high spenders
test,1082,2,Long-term high spenders
test,1083,0,New high spenders
test,1084,0,New high spenders
test,1085,2,Long-term high spenders
test,1086,2,Long-term high spenders
test,1087,0,New high spenders
test,1088,0,New high spenders
test,1089,3,New low spenders
test,1090,0,New high spenders
test,1091,3,New low spenders
test,1092,1,Long-term low spenders
test,1093,0,New high spenders
test,1094,2,Long-term high spenders
test,1095,3,New low spenders
test,1096,2,Long-term high spenders
test,1097,1,Long-term low spenders
test,1098,0,New high spenders
test,1099,3,New low spenders
test,1100,0,New high spenders
test,1101,0,New high spenders
test,1102,1,Long-term low spenders
test,1103,2,Long-term high spenders
test,1104,3,New low spenders
test,1105,2,Long-term high spenders
test,1106,3,New low spenders
test,1107,2,Long-term high spenders
test,1108,0,New high spenders
test,1109,3,New low spenders
test,1110,3,New low spenders
test,1111,3,New low spenders
test,1112,3,New low spenders
test,1113,2,Long-term high spenders
test,1114,1,Long-term low spenders
test,1115,0,New high spenders
test,1116,0,New high spenders
test,1117,0,New high spenders
test,1118,0,New high spenders
test,1119,1,Long-term low spenders
test,1120,3,New low spenders
test,1121,3,New low spenders
test,1122,1,Long-term low spenders
test,1123,2,Long-term high spenders
test,1124,1,Long-term low spenders
test,1125,3,New low spenders
test,1126,1,Long-term low spenders
test,1127,0,New high spenders
test,1128,3,New low spenders
test,1129,3,New low spenders
test,1130,0,New high spenders
test,1131,1,Long-term low spenders
test,1132,1,Long-term low spenders
test,1133,0,New high spenders
test,1134,3,New low spenders
test,1135,0,New high spenders
test,1136,1,Long-term low spenders
test,1137,0,New high spenders
test,1138,0,New high spenders
test,1139,2,Long-term high spenders
test,1140,3,New low spenders
test,1141,3,New low spenders
test,1142,3,New low spenders
test,1143,2,Long-term high spenders
test,1144,2,Long-term high spenders
test,1145,3,New low spenders
test,1146,3,New low spenders
test,1147,3,New low spenders
test,1148,3,New low spenders
test,1149,2,Long-term high spenders
test,1150,3,New low spenders
test,1151,3,New low spenders
test,1152,0,New high spenders
test,1153,3,New low spenders
test,1154,0,New high spenders
test,1155,2,Long-term high spenders
test,1156,3,New low spenders
test,1157,3,New low spenders
test,1158,3,New low spenders
test,1159,0,New high spenders
test,1160,3,New low spenders
test,1161,3,New low spenders
test,1162,0,New high spenders
test,1163,0,New high spenders
test,1164,0,New high spenders
test,1165,2,Long-term high spenders
test,1166,1,Long-term low spenders
test,1167,1,Long-term low spenders
test,1168,2,Long-term high spenders
test,1169,3,New low spenders
test,1170,2,Long-term high spenders
test,1171,0,New high spenders
test,1172,1,Long-term low spenders
test,1173,0,New high spenders
test,1174,0,New high spenders
test,1175,0,New high spenders
test,1176,2,Long-term high spenders
test,1177,1,Long-term low spenders
test,1178,0,New high spenders
test,1179,1,Long-term low spenders
test,1180,0,New high spenders
test,1181,0,New high spenders
test,1182,2,Long-term high spenders
test,1183,1,Long-term low spenders
test,1184,2,Long-term high spenders
test,1185,1,Long-term low spenders
test,1186,0,New high spenders
test,1187,3,New low spenders
test,1188,0,New high spenders
test,1189,2,Long-term high spenders
test,1190,0,New high spenders
test,1191,0,New high spenders
test,1192,0,New high spenders
test,1193,1,Long-term low spenders
test,1194,3,New low spenders
test,1195,3,New low spenders
test,1196,3,New low spenders
test,1197,3,New low spenders
test,1198,0,New high spenders
test,1199,3,New low spenders
test,1200,0,New high spenders
test,1201,3,New low spenders
test,1202,1,Long-term low spenders
test,1203,0,New high spenders
test,1204,1,Long-term low spenders
test,1205,0,New high spenders
test,1206,2,Long-term high spenders
test,1207,1,Long-term low spenders
test,1208,2,Long-term high spenders
test,1209,2,Long-term high spenders
test,1210,3,New low spenders
test,1211,0,New high spenders
test,1212,0,New high spenders
test,1213,1,Long-term low spenders
test,1214,3,New low spenders
test,1215,2,Long-term high spenders
test,1216,2,Long-term high spenders
test,1217,0,New high spenders
test,1218,1,Long-term low spenders
test,1219,2,Long-term high spenders
test,1220,2,Long-term high spenders
test,1221,2,Long-term high spenders
test,1222,2,Long-term high spenders
test,1223,3,New low spenders
test,1224,0,New high spenders
test,1225,3,New low spenders
test,1226,1,Long-term low spenders
test,1227,3,New low spenders
test,1228,2,Long-term high spenders
test,1229,3,New low spenders
test,1230,3,New low spenders
test,1231,3,New low spenders
test,1232,3,New low spenders
test,1233,0,New high spenders
test,1234,1,Long-term low spenders
test,1235,3,New low spenders
test,1236,3,New low spenders
test,1237,0,New high spenders
test,1238,2,Long-term high spenders
test,1239,3,New low spenders
test,1240,0,New high spenders
test,1241,2,Long-term high spenders
test,1242,2,Long-term high spenders
test,1243,3,New low spenders
test,1244,0,New high spenders
test,1245,3,New low spenders
test,1246,0,New high spenders
test,1247,0,New high spenders
test,1248,1,Long-term low spenders
test,1249,2,Long-term high spenders
test,1250,3,New low spenders
test,1251,0,New high spenders
test,1252,0,New high spenders
test,1253,2,Long-term high spenders
test,1254,0,New high spenders
test,1255,2,Long-term high spenders
test,1256,0,New high spenders
test,1257,0,New high spenders
test,1258,0,New high spenders
test,1259,0,New high spenders
test,1260,0,New high spenders
test,1261,3,New low spenders
test,1262,3,New low spenders
test,1263,1,Long-term low spenders
test,1264,0,New high spenders
test,1265,2,Long-term high spenders
test,1266,0,New high spenders
test,1267,0,New high spenders
test,1268,2,Long-term high spenders
test,1269,1,Long-term low spenders
test,1270,3,New low spenders
test,1271,2,Long-term high spenders
test,1272,0,New high spenders
test,1273,0,New high spenders
test,1274,2,Long-term high spenders
test,1275,3,New low spenders
test,1276,0,New high spenders
test,1277,0,New high spenders
test,1278,3,New low spenders
test,1279,1,Long-term low spenders
test,1280,0,New high spenders
test,1281,2,Long-term high spenders
test,1282,0,New high spenders
test,1283,0,New high spenders
test,1284,0,New high spenders
test,1285,0,New high spenders
test,1286,2,Long-term high spenders
test,1287,0,New high spenders
test,1288,2,Long-term high spenders
test,1289,2,Long-term high spenders
test,1290,1,Long-term low spenders
test,1291,2,Long-term high spenders
test,1292,0,New high spenders
test,1293,1,Long-term low spenders
test,1294,3,New low spenders
test,1295,3,New low spenders
test,1296,0,New high spenders
test,1297,2,Long-term high spenders
test,1298,3,New low spenders
test,1299,3,New low spenders
test,1300,0,New high spenders
test,1301,2,Long-term high spenders
test,1302,3,New low spenders
test,1303,0,New high spenders
test,1304,1,Long-term low spenders
test,1305,0,New high spenders
test,1306,0,New high spenders
test,1307,0,New high spenders
test,1308,2,Long-term high spenders
test,1309,3,New low spenders
test,1310,2,Long-term high spenders
test,1311,3,New low spenders
test,1312,1,Long-term low spenders
test,1313,2,Long-term high spenders
test,1314,1,Long-term low spenders
test,1315,3,New low spenders
test,1316,3,New low spenders
test,1317,0,New high spenders
test,1318,0,New high spenders
test,1319,0,New high spenders
test,1320,3,New low spenders
test,1321,0,New high spenders
test,1322,0,New high spenders
test,1323,2,Long-term high spenders
test,1324,1,Long-term low spenders
test,1325,2,Long-term high spenders
test,1326,1,Long-term low spenders
test,1327,0,New high spenders
test,1328,2,Long-term high spenders
test,1329,3,New low spenders
test,1330,2,Long-term high spenders
test,1331,0,New high spenders
test,1332,1,Long-term low spenders
test,1333,2,Long-term high spenders
test,1334,0,New high spenders
test,1335,2,Long-term high spenders
test,1336,0,New high spenders
test,1337,2,Long-term high spenders
test,1338,3,New low spenders
test,1339,0,New high spenders
test,1340,1,Long-term low spenders
test,1341,3,New low spenders
test,1342,3,New low spenders
test,1343,1,Long-term low spenders
test,1344,0,New high spenders
test,1345,2,Long-term high spenders
test,1346,3,New low spenders
test,1347,2,Long-term high spenders
test,1348,0,New high spenders
test,1349,3,New low spenders
test,1350,2,Long-term high spenders
test,1351,0,New high spenders
test,1352,1,Long-term low spenders
test,1353,2,Long-term high spenders
test,1354,3,New low spenders
test,1355,2,Long-term high spenders
test,1356,3,New low spenders
test,1357,2,Long-term high spenders
test,1358,0,New high spenders
test,1359,3,New low spenders
test,1360,3,New low spenders
test,1361,3,New low spenders
test,1362,3,New low spenders
test,1363,2,Long-term high spenders
test,1364,0,New high spenders
test,1365,3,New low spenders
test,1366,2,Long-term high spenders
test,1367,1,Long-term low spenders
test,1368,0,New high spenders
test,1369,2,Long-term high spenders
test,1370,2,Long-term high spenders
test,1371,1,Long-term low spenders
test,1372,2,Long-term high spenders
test,1373,3,New low spenders
test,1374,0,New high spenders
test,1375,2,Long-term high spenders
test,1376,1,Long-term low spenders
test,1377,0,New high spenders
test,1378,2,Long-term high spenders
test,1379,0,New high spenders
test,1380,2,Long-term high spenders
test,1381,2,Long-term high spenders
test,1382,2,Long-term high spenders
test,1383,2,Long-term high spenders
test,1384,2,Long-term high spenders
test,1385,0,New high spenders
test,1386,1,Long-term low spenders
test,1387,3,New low spenders
test,1388,0,New high spenders
test,1389,3,New low spenders
test,1390,2,Long-term high spenders
test,1391,3,New low spenders
test,1392,1,Long-term low spenders
test,1393,0,New high spenders
test,1394,3,New low spenders
test,1395,3,New low spenders
test,1396,1,Long-term low spenders
test,1397,0,New high spenders
test,1398,1,Long-term low spenders
test,1399,3,New low spenders
test,1400,2,Long-term high spenders
test,1401,0,New high spenders
test,1402,2,Long-term high spenders
test,1403,2,Long-term high spenders
test,1404,0,New high spenders
test,1405,0,New high spenders
test,1406,0,New high spenders
test,1407,3,New low spenders
test,1408,3,New low spenders
